A1,A2,A3,A4,A5,A6,A7,A8,A9,A10,A11,A12,A13,A14,Class
-1.449964,-1.165891,-0.865414,0.552716,0.183551,-0.358527,-0.149323,-1.508248,1.300011,-0.314812,1.086873,0.239085,-0.606788,-0.197203,1
0.687804,-1.165891,-0.934135,0.552716,-0.401439,-0.358527,-0.688695,-1.508248,-0.970894,-0.539677,-0.918321,0.239085,0.55995,-0.052084,1
0.687804,0.065076,-0.463347,0.552716,0.183551,-0.358527,-0.307034,-1.508248,-0.970894,-0.539677,1.086873,0.239085,0.55995,-0.198177,1
0.687804,0.229091,-0.617199,0.552716,0.476046,0.159012,-0.622456,1.374553,-0.970894,-0.539677,1.086873,0.239085,-0.122592,-0.198177,1
0.687804,0.264969,-0.75464,0.552716,-0.108944,-0.358527,-0.333845,-1.508248,-0.970894,-0.539677,-0.918321,-3.127628,-0.91014,-0.198177,1
-1.449964,0.01553,-0.360778,-1.816067,-0.693933,-0.876066,-0.701312,-1.508248,-0.970894,-0.539677,-0.918321,0.239085,-0.140093,-0.194281,1
0.687804,-1.088154,-0.891056,-1.816067,0.183551,-0.358527,-0.649267,-1.508248,1.300011,-0.314812,-0.918321,0.239085,0.093254,-0.197982,1
0.687804,-0.796003,-0.881825,0.552716,-0.986428,-0.358527,-0.661884,-1.508248,-0.970894,-0.539677,1.086873,0.239085,0.55995,-0.187463,1
0.687804,0.065076,-0.25821,0.552716,-0.986428,-0.358527,-0.543601,-1.508248,-0.970894,-0.539677,1.086873,0.239085,0.279933,-0.198177,1
0.687804,-1.301716,-0.412063,0.552716,-0.401439,-0.358527,-0.491556,-1.508248,1.300011,-0.314812,-0.918321,0.239085,-0.606788,-0.194086,1
-1.449964,1.738542,0.357199,0.552716,-1.278923,0.159012,0.271766,-1.508248,-0.970894,-0.539677,1.086873,0.239085,-0.647624,-0.198177,1
0.687804,-0.860071,1.023892,0.552716,0.183551,-0.358527,-0.622456,1.374553,-0.970894,-0.539677,-0.918321,0.239085,-0.256767,-0.198177,1
0.687804,4.158617,0.152063,0.552716,0.183551,-0.358527,-0.530984,1.374553,-0.970894,-0.539677,-0.918321,0.239085,-1.073483,-0.131948,1
0.687804,0.04372,-0.155642,-1.816067,1.646025,-0.358527,-0.228178,-1.508248,-0.970894,-0.539677,1.086873,0.239085,-0.373441,-0.198177,1
0.687804,-0.29029,-0.950546,-1.816067,-0.986428,-0.358527,-0.674501,-1.508248,-0.970894,-0.539677,-0.918321,0.239085,0.186594,0.210883,1
0.687804,1.730854,-0.360778,-1.816067,-1.863913,-1.911143,-0.228178,-1.508248,-0.970894,-0.539677,-0.918321,0.239085,-0.023419,-0.197398,1
0.687804,-0.561085,1.485449,0.552716,-0.986428,-0.358527,0.008388,1.374553,1.300011,-0.089946,1.086873,0.239085,-0.373441,-0.197203,1
0.687804,1.161927,-0.668483,0.552716,0.183551,-0.358527,0.087244,1.374553,-0.970894,-0.539677,1.086873,0.239085,-0.256767,-0.198177,1
0.687804,-0.461139,1.588017,-1.816067,-0.986428,1.711628,-0.307034,-1.508248,-0.970894,-0.539677,1.086873,0.239085,-1.073483,-0.194865,1
0.687804,-1.144535,-0.471552,0.552716,0.183551,1.19409,-0.398506,-1.508248,1.300011,-0.089946,1.086873,0.239085,-0.140093,-0.083835,1
-1.449964,-0.603798,-0.617199,-1.816067,0.183551,-0.358527,-0.649267,-1.508248,-0.970894,-0.539677,-0.918321,0.239085,-0.303436,-0.198177,1
0.687804,0.713448,0.049494,0.552716,-1.278923,0.159012,-0.635073,-1.508248,-0.970894,-0.539677,-0.918321,0.239085,2.135046,-0.198177,1
0.687804,1.132882,0.459767,-1.816067,0.183551,-0.358527,-0.188751,-1.508248,-0.970894,-0.539677,-0.918321,0.239085,-0.140093,-0.197787,1
0.687804,-0.75329,1.382881,0.552716,-1.278923,-0.358527,-0.570412,-1.508248,-0.970894,-0.539677,-0.918321,0.239085,-1.073483,-0.198177,1
0.687804,-0.981374,-0.924904,0.552716,1.061036,-0.358527,-0.661884,-1.508248,-0.970894,-0.539677,-0.918321,0.239085,0.093254,-0.198177,1
-1.449964,0.442652,-0.009995,0.552716,-1.863913,-1.911143,-0.701312,-1.508248,-0.970894,-0.539677,-0.918321,0.239085,-0.140093,-0.198177,1
0.687804,-0.076729,-0.463347,0.552716,1.646025,1.711628,0.008388,-1.508248,-0.970894,-0.539677,1.086873,-3.127628,0.909971,-0.198177,1
0.687804,0.122311,-0.463347,-1.816067,0.476046,-0.358527,1.506645,-1.508248,-0.970894,-0.539677,1.086873,0.239085,0.55995,-0.198177,1
0.687804,-0.240744,-0.668483,-1.816067,0.183551,-0.358527,-0.228178,1.374553,-0.970894,-0.539677,1.086873,0.239085,-1.073483,-0.154349,1
-1.449964,0.000154,-0.25821,0.552716,-1.571418,-0.358527,0.244955,1.374553,-0.970894,-0.539677,1.086873,0.239085,0.676623,-0.198177,1
0.687804,0.506721,-0.617199,-1.816067,0.183551,0.159012,-0.622456,1.374553,-0.970894,-0.539677,1.086873,0.239085,-0.116758,-0.120261,1
0.687804,1.538648,2.921404,0.552716,-1.863913,-1.911143,-0.701312,1.374553,1.300011,-0.314812,-0.918321,0.239085,-0.525117,-0.198177,1
0.687804,0.393106,-0.89003,-1.816067,0.476046,-0.358527,-0.609839,-1.508248,-0.970894,-0.539677,1.086873,0.239085,0.729127,-0.197787,1
0.687804,1.083336,1.280313,-1.816067,-1.571418,-0.358527,-0.228178,1.374553,-0.970894,-0.539677,-0.918321,-3.127628,-1.073483,-0.198177,1
0.687804,2.663689,0.459767,0.552716,0.768541,2.229167,-0.701312,-1.508248,-0.970894,-0.539677,-0.918321,0.239085,-1.073483,-0.195839,1
0.687804,0.406774,-0.198721,0.552716,0.476046,-0.358527,-0.333845,1.374553,-0.970894,-0.539677,1.086873,0.239085,0.093254,-0.198177,1
-1.449964,-0.34069,-0.360778,0.552716,-0.108944,-0.358527,0.178716,-1.508248,1.300011,-0.314812,1.086873,0.239085,0.55995,-0.196229,1
0.687804,0.492199,-0.429499,0.552716,1.646025,-0.358527,-0.649267,-1.508248,-0.970894,-0.539677,1.086873,0.239085,-1.073483,-0.100587,1
0.687804,-0.895949,-0.13,-1.816067,-1.278923,1.711628,-0.688695,-1.508248,-0.970894,-0.539677,-0.918321,0.239085,-0.256767,-0.178698,1
-1.449964,-0.796003,-0.719767,-1.816067,-1.863913,-1.911143,0.323811,-1.508248,-0.970894,-0.539677,-0.918321,0.239085,0.55995,-0.198177,1
-1.449964,0.036886,0.254631,0.552716,-1.571418,-0.358527,-0.307034,-1.508248,-0.970894,-0.539677,-0.918321,0.239085,0.51328,-0.198177,1
0.687804,1.781254,-0.668483,0.552716,-1.571418,-0.358527,0.481522,-1.508248,-0.970894,-0.539677,1.086873,0.239085,-1.073483,-0.13,1
0.687804,-1.30855,-0.976188,-1.816067,-0.401439,-0.358527,-0.622456,-1.508248,-0.970894,-0.539677,-0.918321,0.239085,-0.723462,-0.198177,1
0.687804,-0.041704,-0.668483,-1.816067,0.476046,-0.358527,-0.688695,-1.508248,-0.970894,-0.539677,-0.918321,-3.127628,-0.140093,-0.198177,1
0.687804,-1.088154,-0.250005,-1.816067,-1.863913,-1.911143,-0.701312,-1.508248,-0.970894,-0.539677,1.086873,0.239085,-0.023419,-0.197982,1
-1.449964,-1.344428,0.587977,0.552716,1.061036,-0.358527,-0.661884,-1.508248,1.300011,-0.314812,1.086873,0.239085,-1.073483,-0.16701,1
0.687804,-1.037754,-0.668483,-1.816067,1.646025,-0.358527,-0.070467,1.374553,-0.970894,-0.539677,1.086873,0.239085,-0.490114,-0.194281,1
0.687804,-0.240744,-0.737204,0.552716,-0.986428,-0.358527,-0.543601,1.374553,-0.970894,-0.539677,-0.918321,-3.127628,0.55995,-0.198177,1
-1.449964,0.278637,-0.719767,-1.816067,-1.278923,1.711628,-0.543601,-1.508248,-0.970894,-0.539677,1.086873,0.239085,-0.140093,-0.198177,1
0.687804,-0.596964,1.588017,0.552716,0.476046,-0.358527,-0.425317,1.374553,-0.970894,-0.539677,1.086873,0.239085,0.443276,-0.198177,1
0.687804,0.271803,-0.463347,0.552716,1.646025,0.159012,-0.543601,-1.508248,-0.970894,-0.539677,-0.918321,0.239085,0.956641,-0.198177,1
0.687804,-0.696056,-0.856183,0.552716,0.183551,1.711628,-0.674501,1.374553,-0.970894,-0.539677,-0.918321,0.239085,-0.023419,-0.198177,1
-1.449964,-0.112607,0.152063,0.552716,-0.986428,-0.358527,1.033511,-1.508248,-0.970894,-0.539677,1.086873,-3.127628,-0.490114,-0.198177,1
0.687804,2.307469,-0.420268,0.552716,0.183551,-0.358527,0.060433,-1.508248,-0.970894,-0.539677,1.086873,0.239085,0.793297,-0.198177,1
0.687804,2.642333,1.639302,-1.816067,0.183551,1.711628,0.8758,1.374553,-0.970894,-0.539677,-0.918321,0.239085,-0.42011,-0.198177,1
0.687804,-0.105773,-0.87362,0.552716,-1.571418,1.711628,-0.674501,-1.508248,-0.970894,-0.539677,1.086873,-3.127628,0.396606,-0.198177,1
-1.449964,-1.165891,1.118255,0.552716,-1.863913,-1.911143,-0.701312,-1.508248,-0.970894,-0.539677,-0.918321,0.239085,-1.073483,-0.188437,1
0.687804,-0.774647,-0.950546,-1.816067,-0.986428,-0.358527,-0.661884,-1.508248,-0.970894,-0.539677,-0.918321,0.239085,0.093254,-0.184541,1
0.687804,-0.802837,1.511091,0.552716,0.183551,-0.358527,0.350622,-1.508248,1.300011,-0.089946,1.086873,0.239085,-0.023419,-0.164478,1
-1.449964,-0.689222,-0.668483,0.552716,0.476046,-0.358527,-0.425317,-1.508248,-0.970894,-0.539677,1.086873,0.239085,-0.140093,-0.198177,1
0.687804,0.000154,-0.87362,0.552716,0.183551,0.159012,-0.437934,1.374553,-0.970894,-0.539677,1.086873,-3.127628,0.793297,-0.198177,1
0.687804,-0.738768,-0.941315,0.552716,-0.108944,-0.358527,-0.674501,-1.508248,-0.970894,-0.539677,-0.918321,-3.127628,-1.073483,-0.198177,1
0.687804,-0.682388,-0.881825,-1.816067,0.476046,-0.358527,0.126672,1.374553,1.300011,0.809515,1.086873,0.239085,0.139924,-0.130585,1
0.687804,-0.027182,-0.394626,0.552716,-1.863913,-1.911143,-0.701312,-1.508248,1.300011,0.58465,-0.918321,0.239085,-0.046754,-0.169737,1
0.687804,0.997912,4.195301,0.552716,1.061036,1.711628,-0.635073,1.374553,1.300011,-0.314812,-0.918321,0.239085,3.360121,-0.180646,1
0.687804,-0.689222,-0.326931,-1.816067,-0.986428,-0.358527,-0.570412,-1.508248,1.300011,-0.314812,1.086873,0.239085,0.55995,-0.182594,1
0.687804,-1.251315,-0.907467,-1.816067,-0.986428,-0.358527,-0.609839,-1.508248,-0.970894,-0.539677,-0.918321,-3.127628,0.093254,-0.198177,1
-1.449964,0.000154,1.331597,0.552716,-1.863913,-1.911143,-0.701312,-1.508248,-0.970894,-0.539677,-0.918321,0.239085,-0.000085,0.814733,1
-1.449964,-0.362046,-0.634636,0.552716,-1.863913,-1.911143,-0.701312,-1.508248,-0.970894,-0.539677,-0.918321,0.239085,0.909971,-0.197982,1
0.687804,1.773566,-0.694125,-1.816067,0.183551,1.711628,2.282584,1.374553,-0.970894,-0.539677,1.086873,0.239085,0.093254,-0.178698,1
0.687804,-0.731934,-0.822335,0.552716,-0.108944,-0.358527,-0.543601,1.374553,-0.970894,-0.539677,1.086873,-3.127628,0.793297,-0.198177,1
0.687804,-0.048538,-0.548478,0.552716,0.183551,-0.358527,-0.674501,-1.508248,-0.970894,-0.539677,-0.918321,0.239085,0.676623,-0.198177,1
-1.449964,-0.333002,-0.557709,0.552716,0.476046,-0.358527,-0.622456,-1.508248,-0.970894,-0.539677,1.086873,0.239085,-0.023419,-0.188437,1
0.687804,-0.539729,-0.771051,0.552716,-0.401439,-0.358527,-0.543601,-1.508248,-0.970894,-0.539677,-0.918321,0.239085,0.093254,-0.198177,1
-1.449964,0.577623,-0.07051,0.552716,0.183551,-0.358527,-0.661884,-1.508248,-0.970894,-0.539677,-0.918321,0.239085,-0.140093,-0.198177,1
0.687804,0.820229,-0.702331,0.552716,-1.571418,-0.358527,-0.649267,-1.508248,-0.970894,-0.539677,-0.918321,0.239085,-0.093424,-0.198177,1
0.687804,-0.930973,-0.719767,-1.816067,0.183551,1.711628,-0.267606,1.374553,1.300011,0.134919,1.086873,0.239085,-0.256767,-0.157271,1
0.687804,0.628023,-0.617199,0.552716,-0.986428,-0.358527,-0.543601,-1.508248,-0.970894,-0.539677,1.086873,0.239085,0.676623,-0.197787,1
-1.449964,-1.216291,0.972608,0.552716,-0.401439,-0.358527,-0.149323,-1.508248,1.300011,1.708977,1.086873,0.239085,-1.073483,-0.196229,1
0.687804,-1.03092,0.990045,0.552716,-0.401439,-0.358527,-0.452128,-1.508248,-0.970894,-0.539677,-0.918321,0.239085,-0.606788,-0.13,1
-1.449964,-0.255266,-0.250005,0.552716,-1.278923,0.159012,-0.543601,1.374553,-0.970894,-0.539677,1.086873,0.239085,-0.075923,-0.198177,1
-1.449964,-0.774647,1.280313,-1.816067,1.061036,-0.358527,0.244955,1.374553,-0.970894,-0.539677,1.086873,0.239085,0.489945,-0.198177,1
0.687804,0.991078,0.049494,0.552716,-1.278923,0.159012,0.008388,-1.508248,-0.970894,-0.539677,1.086873,0.239085,-0.250933,-0.198177,1
0.687804,-0.696056,-0.771051,0.552716,0.183551,-0.358527,-0.543601,-1.508248,-0.970894,-0.539677,1.086873,-3.127628,0.55995,-0.198177,1
-1.449964,-0.924139,0.980814,0.552716,-1.278923,-0.358527,-0.688695,-1.508248,-0.970894,-0.539677,-0.918321,0.239085,0.093254,-0.003387,1
-1.449964,-0.098085,-0.694125,0.552716,0.476046,1.711628,-0.688695,-1.508248,1.300011,0.134919,-0.918321,0.239085,-1.073483,-0.191749,1
0.687804,-0.667866,1.485449,0.552716,0.183551,-0.358527,-0.043656,-1.508248,-0.970894,-0.539677,-0.918321,-3.127628,-0.606788,-0.198177,1
-1.449964,-1.144535,1.075176,-1.816067,1.061036,1.711628,-0.649267,-1.508248,-0.970894,-0.539677,-0.918321,0.239085,0.909971,-0.198177,1
-1.449964,-0.561085,1.280313,-1.816067,-0.401439,-0.358527,0.718089,1.374553,-0.970894,-0.539677,-0.918321,0.239085,-0.373441,-0.198177,1
-1.449964,1.4182,-0.702331,0.552716,-1.278923,1.19409,-0.595645,-1.508248,-0.970894,-0.539677,-0.918321,0.239085,-1.073483,-0.174802,1
0.687804,-0.148485,-0.557709,-1.816067,1.93852,1.711628,-0.688695,-1.508248,-0.970894,-0.539677,-0.918321,0.239085,-0.326771,-0.197982,1
0.687804,-0.738768,-0.326931,-1.816067,0.183551,-0.358527,-0.649267,-1.508248,-0.970894,-0.539677,-0.918321,0.239085,-0.140093,0.007911,1
0.687804,0.100954,-0.497194,0.552716,-1.571418,1.711628,1.112367,-1.508248,-0.970894,-0.539677,1.086873,0.239085,0.629954,-0.198177,1
0.687804,0.314516,2.408563,-1.816067,0.183551,-0.358527,0.560378,1.374553,-0.970894,-0.539677,-0.918321,0.239085,-0.606788,-0.198177,1
0.687804,-0.845549,-0.737204,-1.816067,-0.986428,-0.358527,0.087244,1.374553,1.300011,-0.314812,-0.918321,0.239085,-0.023419,-0.194281,1
0.687804,-0.162153,-0.822335,-1.816067,0.183551,-0.358527,-0.688695,-1.508248,-0.970894,-0.539677,-0.918321,0.239085,0.326602,-0.198177,1
0.687804,-1.05911,-0.155642,-1.816067,-1.278923,-0.358527,-0.38589,-1.508248,-0.970894,-0.539677,1.086873,0.239085,1.026645,-0.003387,1
0.687804,0.570789,1.100818,-1.816067,-0.986428,-0.358527,-0.661884,-1.508248,-0.970894,-0.539677,-0.918321,0.239085,-0.140093,-0.198177,1
-1.449964,-0.176675,-0.753615,-1.816067,1.93852,-0.358527,-0.38589,-1.508248,-0.970894,-0.539677,-0.918321,0.239085,0.55995,-0.195645,1
0.687804,-0.639676,0.87004,0.552716,-0.401439,-0.358527,-0.622456,-1.508248,-0.970894,-0.539677,1.086873,0.239085,-1.073483,-0.198177,1
-1.449964,0.129144,-0.642841,0.552716,-1.571418,-0.358527,-0.530984,-1.508248,-0.970894,-0.539677,1.086873,0.239085,-1.073483,-0.198177,1
0.687804,-0.596964,1.793154,-1.816067,-1.863913,-1.911143,-0.701312,-1.508248,-0.970894,-0.539677,-0.918321,0.239085,-0.000085,-0.198177,1
-1.449964,1.759898,-0.976188,-1.816067,-1.863913,-1.911143,-0.701312,-1.508248,-0.970894,-0.539677,-0.918321,0.239085,-1.073483,-0.198177,1
0.687804,0.058242,1.895722,-1.816067,-1.863913,-1.911143,-0.701312,-1.508248,1.300011,-0.089946,-0.918321,0.239085,-0.140093,-0.197982,1
0.687804,-1.03092,-0.916698,0.552716,-0.986428,-0.358527,-0.609839,-1.508248,-0.970894,-0.539677,-0.918321,0.239085,0.55995,-0.127273,1
0.687804,0.820229,-0.719767,-1.816067,0.476046,-0.358527,-0.622456,-1.508248,-0.970894,-0.539677,-0.918321,0.239085,-1.073483,-0.160193,1
0.687804,0.478531,-0.155642,0.552716,0.183551,0.159012,0.8758,1.374553,-0.970894,-0.539677,1.086873,-3.127628,0.55995,-0.198177,1
0.687804,-0.817359,-0.81413,0.552716,0.476046,-0.358527,-0.609839,-1.508248,1.300011,-0.314812,-0.918321,0.239085,1.376666,-0.143051,1
0.687804,-1.194935,1.075176,0.552716,0.476046,1.711628,-0.649267,-1.508248,1.300011,-0.314812,-0.918321,0.239085,-0.373441,-0.197982,1
-1.449964,0.058242,-0.668483,0.552716,0.183551,-0.358527,-0.622456,-1.508248,-0.970894,-0.539677,1.086873,0.239085,1.096649,-0.174412,1
-1.449964,-0.255266,-0.634636,0.552716,1.061036,-0.358527,0.060433,1.374553,-0.970894,-0.539677,1.086873,0.239085,1.49334,-0.198177,1
-1.449964,-1.024086,-0.839772,-1.816067,0.183551,-0.358527,-0.38589,-1.508248,1.300011,-0.314812,-0.918321,0.239085,10.593896,-0.197787,1
-1.449964,-0.2621,-0.771051,0.552716,1.061036,-0.358527,-0.38589,1.374553,1.300011,-0.089946,1.086873,0.239085,-0.099257,-0.100782,1
0.687804,-0.603798,1.759306,-1.816067,-0.401439,-0.358527,-0.688695,-1.508248,-0.970894,-0.539677,1.086873,0.239085,-0.373441,-0.105651,1
0.687804,-0.183509,-0.719767,0.552716,0.476046,-0.358527,-0.149323,-1.508248,-0.970894,-0.539677,-0.918321,0.239085,0.093254,-0.198177,1
-1.449964,0.598979,0.049494,0.552716,1.646025,-0.358527,3.55689,1.374553,-0.970894,-0.539677,1.086873,0.239085,4.643532,-0.198177,1
0.687804,-0.760124,-0.822335,0.552716,-1.278923,-0.358527,-0.201367,-1.508248,1.300011,-0.314812,1.086873,0.239085,1.259992,-0.196424,1
0.687804,0.64938,-0.463347,-1.816067,-1.278923,1.711628,2.452912,-1.508248,-0.970894,-0.539677,1.086873,-3.127628,0.093254,-0.198177,1
0.687804,0.186379,-0.412063,0.552716,-1.278923,0.159012,-0.701312,-1.508248,-0.970894,-0.539677,-0.918321,0.239085,-0.023419,-0.198177,1
0.687804,0.435818,-0.565915,0.552716,-1.278923,-0.358527,-0.622456,-1.508248,-0.970894,-0.539677,1.086873,0.239085,0.215762,-0.198177,1
0.687804,-0.810525,-0.497194,0.552716,-0.986428,-0.358527,-0.464745,-1.508248,-0.970894,-0.539677,-0.918321,0.239085,-0.023419,-0.198177,1
-1.449964,-1.109511,1.075176,0.552716,-1.571418,-0.358527,-0.570412,-1.508248,-0.970894,-0.539677,-0.918321,0.239085,-0.606788,-0.189996,1
-1.449964,2.179332,-0.907467,0.552716,-1.278923,0.159012,-0.38589,1.374553,-0.970894,-0.539677,1.086873,0.239085,0.396606,0.229777,1
0.687804,-0.7251,-0.976188,0.552716,-0.986428,-0.358527,-0.38589,-1.508248,1.300011,1.933842,-0.918321,-3.127628,-1.073483,-0.198177,1
0.687804,-0.888261,-0.796693,-1.816067,0.183551,1.711628,-0.622456,-1.508248,-0.970894,-0.539677,-0.918321,0.239085,0.55995,-0.15844,1
0.687804,1.987127,2.203427,0.552716,0.768541,2.229167,-0.701312,1.374553,1.300011,3.95763,-0.918321,0.239085,-0.186763,-0.172854,1
-1.449964,0.641691,-0.155642,0.552716,0.183551,-0.358527,0.244955,-1.508248,-0.970894,-0.539677,-0.918321,0.239085,1.726688,-0.198177,1
0.687804,-0.988208,0.459767,0.552716,0.183551,-0.358527,-0.543601,-1.508248,-0.970894,-0.539677,-0.918321,0.239085,-1.073483,-0.198177,1
0.687804,0.684404,0.049494,0.552716,-1.863913,-1.911143,-0.701312,-1.508248,1.300011,-0.089946,-0.918321,0.239085,-0.974311,-0.197982,1
-1.449964,-1.05911,-0.856183,-1.816067,-0.401439,-0.358527,-0.51679,1.374553,-0.970894,-0.539677,1.086873,0.239085,-0.140093,-0.198177,1
0.687804,0.000154,-0.360778,-1.816067,-1.278923,0.159012,1.506645,-1.508248,-0.970894,-0.539677,-0.918321,0.239085,-1.073483,-0.197982,1
0.687804,-0.682388,-0.804899,0.552716,-1.278923,1.711628,-0.674501,-1.508248,-0.970894,-0.539677,1.086873,0.239085,0.209928,-0.197203,1
-1.449964,-0.838715,1.434165,0.552716,0.183551,-0.358527,-0.622456,-1.508248,-0.970894,-0.539677,1.086873,0.239085,-0.023419,-0.198177,1
0.687804,-0.525207,-0.865414,0.552716,0.476046,-0.358527,-0.649267,-1.508248,1.300011,-0.314812,-0.918321,0.239085,0.51328,-0.11169,1
-1.449964,-1.187247,-0.976188,-1.816067,-0.693933,-1.911143,-0.701312,-1.508248,-0.970894,-0.539677,-0.918321,0.239085,-0.571786,-0.198177,1
-1.449964,-0.760124,0.459767,0.552716,0.183551,-0.358527,-0.649267,-1.508248,-0.970894,-0.539677,-0.918321,0.239085,-0.140093,-0.198177,1
0.687804,-0.596964,-0.719767,0.552716,0.183551,-0.358527,-0.622456,-1.508248,-0.970894,-0.539677,-0.918321,0.239085,-0.431778,-0.198177,1
-1.449964,-0.75329,0.288478,0.552716,-0.401439,-0.358527,-0.649267,-1.508248,-0.970894,-0.539677,-0.918321,0.239085,0.209928,-0.003387,1
-1.449964,-1.137701,1.075176,0.552716,0.476046,-0.358527,-0.38589,-1.508248,1.300011,-0.314812,-0.918321,0.239085,-0.373441,-0.197982,1
0.687804,-1.073632,-0.617199,-1.816067,0.183551,-0.358527,0.035199,-1.508248,-0.970894,-0.539677,1.086873,0.239085,-0.42011,-0.197008,1
0.687804,-0.582441,-0.865414,0.552716,-0.108944,-0.358527,-0.38589,-1.508248,-0.970894,-0.539677,1.086873,0.239085,-0.373441,-0.197982,1
-1.449964,-1.03092,-0.94234,0.552716,1.061036,-0.358527,-0.688695,-1.508248,-0.970894,-0.539677,1.086873,0.239085,1.143319,-0.198177,1
0.687804,-0.988208,-0.719767,-1.816067,-0.986428,-0.358527,-0.661884,-1.508248,-0.970894,-0.539677,-0.918321,0.239085,-0.256767,-0.197398,1
-1.449964,-1.351262,-0.899262,0.552716,0.183551,-0.358527,-0.38589,-1.508248,-0.970894,-0.539677,-0.918321,0.239085,-0.373441,-0.194671,1
0.687804,3.859632,3.596303,0.552716,0.768541,2.229167,3.320324,1.374553,1.300011,-0.314812,1.086873,0.239085,-1.073483,-0.176945,2
-1.449964,-1.094988,0.562335,0.552716,1.061036,-0.358527,0.153483,1.374553,1.300011,0.58465,-0.918321,0.239085,-0.000085,5.007788,2
0.687804,0.869775,-0.779257,0.552716,1.93852,-0.358527,0.087244,1.374553,-0.970894,-0.539677,-0.918321,0.239085,1.901698,-0.081303,2
0.687804,0.891131,1.032098,0.552716,1.93852,1.711628,1.80945,1.374553,1.300011,1.259246,-0.918321,0.239085,-1.073483,-0.198177,2
0.687804,1.531815,0.579772,0.552716,-1.278923,0.159012,1.691167,1.374553,1.300011,2.833304,1.086873,0.239085,-1.073483,0.775775,2
-1.449964,-0.546563,-0.386421,0.552716,1.93852,1.711628,-0.425317,1.374553,-0.970894,-0.539677,-0.918321,0.239085,1.026645,-0.198177,2
0.687804,-0.653344,-0.839772,0.552716,0.183551,-0.358527,-0.649267,-1.508248,-0.970894,-0.539677,-0.918321,0.239085,-0.490114,-0.198177,2
0.687804,0.030052,-0.061279,0.552716,1.646025,1.711628,1.203839,1.374553,1.300011,0.134919,-0.918321,0.239085,0.740794,-0.13974,2
0.687804,-1.323072,-0.822335,0.552716,0.183551,-0.358527,-0.149323,1.374553,1.300011,0.58465,1.086873,0.239085,0.979975,-0.063772,2
-1.449964,-0.561085,-0.796693,0.552716,1.93852,1.711628,-0.373273,1.374553,-0.970894,-0.539677,1.086873,0.239085,-0.140093,0.943294,2
0.687804,-0.546563,-0.25821,0.552716,1.646025,-0.358527,-0.504173,1.374553,1.300011,1.034381,-0.918321,0.239085,-1.073483,1.176848,2
0.687804,1.709497,2.100859,0.552716,0.183551,-0.358527,1.979778,1.374553,1.300011,1.484111,-0.918321,0.239085,-1.073483,-0.198177,2
-1.449964,-0.247577,-0.762846,0.552716,0.183551,-0.358527,0.087244,1.374553,1.300011,0.58465,1.086873,0.239085,0.676623,0.080373,2
-1.449964,-0.881427,-0.497194,0.552716,-1.278923,0.159012,-0.543601,1.374553,1.300011,0.359785,-0.918321,-3.127628,-0.606788,-0.198177,2
0.687804,0.243613,-0.104358,0.552716,-1.278923,0.159012,0.323811,1.374553,1.300011,-0.089946,-0.918321,0.239085,0.524948,-0.079355,2
0.687804,1.4182,0.587977,0.552716,0.476046,1.711628,4.187735,1.374553,1.300011,2.158707,-0.918321,0.239085,-1.073483,-0.044292,2
0.687804,2.151142,1.536733,0.552716,-0.108944,-0.358527,-0.307034,1.374553,1.300011,0.359785,1.086873,0.239085,0.093254,-0.198177,2
-1.449964,1.076502,0.391046,0.552716,1.061036,-0.358527,1.624928,1.374553,1.300011,0.134919,1.086873,0.239085,-1.073483,-0.198177,2
0.687804,-0.575608,-0.412063,0.552716,0.183551,-0.358527,0.008388,1.374553,1.300011,0.809515,-0.918321,0.239085,-0.000085,-0.081303,2
-1.449964,1.339609,-0.822335,0.552716,1.061036,1.711628,0.1661,1.374553,1.300011,-0.314812,-0.918321,0.239085,0.869135,-0.024424,2
0.687804,-1.159057,-0.94234,0.552716,1.061036,1.19409,-0.635073,-1.508248,-0.970894,-0.539677,-0.918321,0.239085,0.093254,-0.190385,2
0.687804,0.656214,0.972608,0.552716,-0.108944,-0.358527,1.348934,1.374553,1.300011,2.608438,-0.918321,0.239085,0.326602,0.699222,2
-1.449964,-1.194935,0.87004,0.552716,-0.401439,-0.358527,-0.267606,1.374553,-0.970894,-0.539677,1.086873,0.239085,-1.073483,-0.198177,2
0.687804,0.04372,-0.155642,0.552716,-0.108944,-0.358527,0.087244,1.374553,-0.970894,-0.539677,1.086873,0.239085,1.026645,-0.198177,2
0.687804,-0.653344,-0.668483,0.552716,-1.571418,1.711628,-0.109895,1.374553,1.300011,0.809515,-0.918321,0.239085,0.093254,-0.13448,2
-1.449964,2.777304,-0.94234,0.552716,-1.863913,-1.911143,-0.701312,1.374553,1.300011,-0.314812,-0.918321,0.239085,0.279933,-0.178698,2
0.687804,-0.717412,-0.976188,0.552716,0.183551,-0.358527,-0.701312,-1.508248,-0.970894,-0.539677,-0.918321,3.605799,-0.000085,-0.198177,2
-1.449964,-0.930973,-0.599762,0.552716,1.061036,-0.358527,-0.043656,1.374553,1.300011,0.58465,-0.918321,0.239085,0.209928,0.289383,2
0.687804,3.090811,0.152063,0.552716,0.768541,2.229167,3.399179,1.374553,1.300011,-0.314812,1.086873,0.239085,-1.073483,-0.198177,2
-1.449964,0.528077,0.152063,0.552716,1.061036,-0.358527,-0.661884,1.374553,-0.970894,-0.539677,1.086873,0.239085,0.256598,-0.198177,2
0.687804,0.307682,-0.053074,0.552716,1.93852,1.711628,1.112367,-1.508248,-0.970894,-0.539677,1.086873,-3.127628,3.07427,-0.198177,2
0.687804,-0.945496,-0.480783,0.552716,0.183551,-0.358527,-0.070467,1.374553,1.300011,1.933842,1.086873,0.239085,0.093254,0.386194,2
-1.449964,-0.981374,-0.950546,0.552716,1.061036,-0.358527,-0.38589,-1.508248,1.300011,-0.314812,-0.918321,0.239085,0.326602,-0.048578,2
-1.449964,-0.774647,0.759266,-1.816067,1.93852,-0.358527,0.074627,-1.508248,-0.970894,-0.539677,-0.918321,0.239085,-0.116758,-0.198177,2
0.687804,1.965771,0.955172,0.552716,-1.863913,-1.911143,3.845502,1.374553,1.300011,1.933842,1.086873,0.239085,-0.898473,-0.13974,2
0.687804,1.09017,-0.87362,0.552716,-1.278923,1.711628,0.8758,1.374553,-0.970894,-0.539677,1.086873,0.239085,0.793297,-0.198177,2
0.687804,0.499887,-0.557709,0.552716,0.476046,-0.358527,-0.688695,1.374553,-0.970894,-0.539677,1.086873,0.239085,1.259992,0.931607,2
-1.449964,2.315157,-0.061279,0.552716,1.061036,1.711628,0.257572,1.374553,1.300011,0.809515,-0.918321,0.239085,-0.822635,-0.089094,2
0.687804,-0.717412,1.305955,0.552716,1.93852,1.711628,-0.556218,1.374553,1.300011,-0.314812,-0.918321,0.239085,-0.490114,-0.198177,2
0.687804,-0.169841,-0.053074,0.552716,0.476046,-0.358527,1.664356,1.374553,1.300011,-0.089946,1.086873,0.239085,0.851634,-0.198177,2
0.687804,-1.315384,-0.967982,0.552716,0.183551,-0.358527,-0.688695,-1.508248,-0.970894,-0.539677,-0.918321,0.239085,-1.073483,-0.198177,2
0.687804,0.250447,-0.147437,-1.816067,-1.278923,0.159012,1.979778,1.374553,1.300011,1.034381,1.086873,0.239085,0.064086,-0.198177,2
-1.449964,-0.930973,-0.360778,0.552716,1.061036,-0.358527,-0.649267,1.374553,1.300011,0.134919,-0.918321,0.239085,-0.490114,-0.197008,2
0.687804,1.431868,1.485449,0.552716,-0.108944,-0.358527,4.345446,1.374553,-0.970894,-0.539677,-0.918321,-3.127628,-0.431778,-0.198177,2
0.687804,-0.283456,-0.796693,0.552716,-0.108944,-0.358527,-0.398506,1.374553,1.300011,0.134919,1.086873,0.239085,1.236658,-0.198177,2
0.687804,3.575168,2.664984,0.552716,-1.863913,-1.911143,-0.701312,1.374553,-0.970894,-0.539677,1.086873,0.239085,-1.073483,-0.198177,2
0.687804,0.598979,-0.292058,0.552716,0.476046,-0.358527,0.560378,1.374553,1.300011,2.608438,-0.918321,0.239085,1.16082,0.063621,2
-1.449964,-0.960018,1.075176,0.552716,0.183551,1.711628,-0.38589,1.374553,1.300011,0.359785,-0.918321,0.239085,-0.781799,0.087191,2
0.687804,2.2434,0.467973,0.552716,-0.108944,-0.358527,3.714601,1.374553,1.300011,0.809515,1.086873,0.239085,1.026645,0.061284,2
-1.449964,1.581361,1.596223,0.552716,-0.401439,-0.358527,0.021005,1.374553,1.300011,0.134919,1.086873,0.239085,-0.163428,-0.198177,2
0.687804,-0.767813,1.083382,0.552716,1.93852,-0.358527,-0.688695,1.374553,1.300011,1.484111,-0.918321,0.239085,-0.723462,-0.12104,2
0.687804,0.67757,-0.104358,0.552716,0.183551,0.159012,1.348934,1.374553,1.300011,3.058169,-0.918321,0.239085,-0.390942,0.037519,2
0.687804,0.841585,0.049494,0.552716,1.061036,1.711628,0.8758,1.374553,1.300011,0.809515,1.086873,0.239085,1.668351,-0.198177,2
-1.449964,0.833896,-0.771051,0.552716,-1.278923,0.159012,0.008388,1.374553,-0.970894,-0.539677,1.086873,0.239085,-1.073483,-0.13974,2
0.687804,-0.532895,-0.857209,0.552716,0.183551,-0.358527,-0.609839,1.374553,1.300011,1.034381,1.086873,0.239085,-0.513449,0.799929,2
-1.449964,-0.781481,0.18591,0.552716,1.061036,-0.358527,0.114055,1.374553,1.300011,1.034381,-0.918321,0.239085,-0.320937,0.436255,2
-1.449964,2.293801,3.331677,0.552716,-1.278923,0.159012,2.452912,1.374553,1.300011,2.383573,-0.918321,0.239085,-1.073483,1.106918,2
0.687804,-0.561085,1.331597,0.552716,0.183551,-0.358527,0.087244,1.374553,1.300011,3.283034,-0.918321,0.239085,0.093254,0.03713,2
0.687804,-0.461139,-0.924904,0.552716,-1.278923,0.159012,-0.701312,1.374553,-0.970894,-0.539677,1.086873,0.239085,-1.073483,-0.198177,2
0.687804,0.720282,0.357199,0.552716,-0.401439,0.159012,0.402666,1.374553,1.300011,-0.314812,-0.918321,0.239085,-1.073483,-0.100782,2
-1.449964,-1.016398,-0.933109,0.552716,1.061036,1.711628,-0.609839,1.374553,1.300011,1.933842,-0.918321,0.239085,-0.606788,-0.178893,2
0.687804,0.905653,0.0577,0.552716,1.061036,1.711628,3.320324,1.374553,-0.970894,-0.539677,1.086873,0.239085,-0.536784,-0.198177,2
-1.449964,-0.710578,0.228989,0.552716,1.061036,-0.358527,0.298577,1.374553,1.300011,1.708977,-0.918321,0.239085,-0.373441,-0.150453,2
-1.449964,-0.39707,1.793154,0.552716,1.061036,1.711628,0.8758,1.374553,1.300011,-0.089946,-0.918321,0.239085,-1.073483,0.775775,2
-1.449964,-1.088154,0.980814,0.552716,-0.401439,-0.358527,-0.674501,1.374553,-0.970894,-0.539677,-0.918321,0.239085,-0.490114,-0.198177,2
-1.449964,1.382322,0.664904,0.552716,0.183551,-0.358527,1.782639,1.374553,1.300011,0.809515,1.086873,0.239085,-1.073483,0.047259,2
-1.449964,1.290063,-0.881825,0.552716,1.646025,1.711628,-0.570412,1.374553,1.300011,1.933842,1.086873,0.239085,1.49334,-0.197008,2
-1.449964,3.417987,-0.976188,0.552716,0.183551,-0.358527,-0.701312,-1.508248,-0.970894,-0.539677,-0.918321,3.605799,-0.000085,-0.198177,2
0.687804,1.952103,-0.87362,-1.816067,-0.986428,1.711628,0.547761,1.374553,-0.970894,-0.539677,-0.918321,0.239085,-0.023419,-0.137013,2
-1.449964,-0.554251,-0.455141,-1.816067,-0.401439,-0.358527,-0.622456,1.374553,-0.970894,-0.539677,1.086873,0.239085,1.084982,-0.198177,2
0.687804,0.09412,0.87004,-1.816067,0.476046,1.711628,0.954656,1.374553,-0.970894,-0.539677,1.086873,0.239085,-0.175095,-0.198177,2
0.687804,0.286326,-0.463347,0.552716,0.476046,-0.358527,-0.701312,1.374553,-0.970894,-0.539677,1.086873,0.239085,0.320768,-0.159219,2
-1.449964,-0.639676,-0.87362,0.552716,1.061036,1.711628,-0.307034,1.374553,1.300011,-0.314812,-0.918321,0.239085,-1.073483,-0.066109,2
-1.449964,-0.091251,0.357199,0.552716,0.183551,0.159012,0.560378,1.374553,1.300011,1.034381,1.086873,0.239085,-1.073483,0.398855,2
-1.449964,-1.173579,1.280313,0.552716,1.93852,1.711628,-0.38589,1.374553,1.300011,1.933842,-0.918321,0.239085,-1.073483,0.386194,2
0.687804,2.435606,1.99829,0.552716,-1.863913,-1.911143,4.976291,1.374553,1.300011,2.833304,1.086873,0.239085,-1.073483,-0.003387,2
0.687804,1.375488,-0.916698,0.552716,0.183551,0.159012,4.030024,1.374553,1.300011,3.95763,-0.918321,0.239085,-1.073483,2.723677,2
0.687804,-0.973686,0.177705,0.552716,0.476046,-0.358527,-0.16194,1.374553,-0.970894,-0.539677,-0.918321,-3.127628,-0.373441,-0.198177,2
0.687804,0.008696,2.339842,0.552716,-1.571418,-0.358527,0.244955,1.374553,1.300011,1.484111,-0.918321,0.239085,0.384939,-0.05598,2
-1.449964,-1.123178,0.921324,0.552716,1.061036,-0.358527,-0.319651,1.374553,1.300011,0.359785,-0.918321,0.239085,-0.723462,-0.09299,2
-1.449964,-0.354358,1.99829,0.552716,1.93852,1.711628,0.271766,1.374553,1.300011,-0.314812,-0.918321,0.239085,-0.373441,-0.196034,2
0.687804,-0.119441,0.357199,0.552716,1.646025,-0.358527,0.284383,1.374553,1.300011,1.259246,-0.918321,0.239085,0.851634,0.035572,2
0.687804,-0.824193,-0.865414,-1.816067,1.93852,-0.358527,-0.688695,1.374553,1.300011,-0.314812,1.086873,0.239085,3.826816,-0.186684,2
-1.449964,-0.746456,-0.506425,0.552716,1.061036,1.711628,0.021005,1.374553,1.300011,1.034381,1.086873,0.239085,-0.256767,0.266203,2
0.687804,2.386059,-0.412063,0.552716,0.476046,-0.358527,-0.149323,1.374553,1.300011,0.58465,1.086873,0.239085,-0.723462,-0.186879,2
0.687804,-0.810525,1.280313,0.552716,1.646025,-0.358527,-0.491556,1.374553,-0.970894,-0.539677,-0.918321,0.239085,-0.490114,-0.198177,2
0.687804,2.777304,3.126541,0.552716,1.93852,1.711628,4.81858,1.374553,1.300011,1.484111,1.086873,0.239085,-1.073483,-0.003387,2
0.687804,-0.319334,-0.668483,0.552716,0.476046,-0.358527,-0.070467,1.374553,1.300011,1.933842,1.086873,0.239085,1.458338,-0.191359,2
0.687804,-0.75329,1.280313,0.552716,1.061036,-0.358527,0.087244,1.374553,1.300011,1.034381,1.086873,0.239085,-0.490114,-0.040591,2
0.687804,0.506721,-0.745409,-1.816067,-1.571418,-0.358527,-0.228178,-1.508248,-0.970894,-0.539677,1.086873,0.239085,1.440837,-0.198177,2
0.687804,-0.162153,-0.68592,0.552716,0.476046,1.711628,-0.464745,1.374553,1.300011,-0.314812,-0.918321,0.239085,0.326602,-0.178698,2
-1.449964,-0.297978,2.100859,-1.816067,0.768541,2.229167,-0.701312,1.374553,-0.970894,-0.539677,-0.918321,0.239085,-1.073483,2.375392,2
0.687804,0.634857,0.049494,0.552716,1.646025,-0.358527,0.402666,1.374553,1.300011,1.708977,1.086873,0.239085,-1.073483,-0.198177,2
0.687804,0.222257,0.100778,0.552716,0.476046,-0.358527,-0.674501,-1.508248,-0.970894,-0.539677,1.086873,0.239085,0.618287,-0.197008,2
-1.449964,-0.511539,-0.976188,0.552716,0.183551,-0.358527,-0.701312,-1.508248,-0.970894,-0.539677,-0.918321,3.605799,-0.000085,-0.198177,2
-1.449964,1.816278,2.100859,0.552716,0.183551,-0.358527,1.033511,1.374553,1.300011,2.608438,-0.918321,0.239085,-1.073483,0.230362,2
0.687804,-0.390236,-0.668483,-1.816067,0.476046,-0.358527,-0.583029,1.374553,-0.970894,-0.539677,1.086873,0.239085,0.443276,0.009275,2
0.687804,1.4182,-0.25821,0.552716,-0.401439,-0.358527,0.402666,1.374553,-0.970894,-0.539677,-0.918321,-3.127628,0.268265,-0.198177,2
0.687804,-0.283456,0.0577,-1.816067,0.183551,0.159012,-0.228178,1.374553,1.300011,1.259246,1.086873,0.239085,-0.233432,-0.196813,2
0.687804,2.08024,1.382881,0.552716,-1.863913,-1.911143,0.8758,1.374553,1.300011,0.58465,-0.918321,0.239085,-1.073483,1.525912,2
0.687804,-0.881427,-0.668483,0.552716,0.476046,-0.358527,-0.228178,-1.508248,-0.970894,-0.539677,-0.918321,0.239085,-0.19843,-0.196618,2
-1.449964,-0.924139,1.143897,0.552716,1.646025,1.711628,-0.595645,1.374553,1.300011,-0.314812,1.086873,0.239085,-0.606788,-0.188437,2
0.687804,2.208376,0.767472,0.552716,0.768541,1.711628,1.506645,1.374553,1.300011,0.134919,-0.918321,0.239085,-1.073483,-0.198177,2
0.687804,0.713448,0.297709,0.552716,1.061036,-0.358527,-0.688695,1.374553,1.300011,-0.314812,-0.918321,0.239085,0.093254,-0.13974,2
0.687804,0.713448,-0.865414,-1.816067,-0.401439,-0.358527,-0.543601,1.374553,1.300011,0.134919,-0.918321,0.239085,0.093254,-0.003387,2
0.687804,-0.198031,2.05778,0.552716,-0.401439,-0.358527,0.888417,1.374553,1.300011,0.58465,1.086873,0.239085,-0.093424,-0.198177,2
0.687804,0.64938,-0.642841,0.552716,0.183551,-0.358527,-0.228178,1.374553,1.300011,1.708977,-0.918321,0.239085,0.011583,0.717337,2
0.687804,-0.304812,-0.565915,0.552716,-0.986428,1.711628,0.612422,1.374553,1.300011,-0.089946,1.086873,0.239085,-0.017586,-0.198177,2
0.687804,0.442652,-0.950546,-1.816067,0.183551,-0.358527,-0.228178,-1.508248,-0.970894,-0.539677,1.086873,0.239085,0.279933,-0.176165,2
-1.449964,-0.845549,1.382881,-1.816067,-0.693933,-0.876066,-0.701312,1.374553,1.300011,1.933842,1.086873,0.239085,-1.073483,-0.198177,2
0.687804,-0.760124,-0.651046,-1.816067,0.476046,-0.358527,0.271766,1.374553,1.300011,0.809515,-0.918321,0.239085,-0.606788,-0.198177,2
-1.449964,-0.133963,0.108984,0.552716,0.768541,-1.393604,0.008388,1.374553,1.300011,0.58465,1.086873,0.239085,-0.495948,-0.100782,2
0.687804,-0.34069,-0.557709,-1.816067,-0.401439,-0.358527,-0.070467,1.374553,1.300011,0.134919,1.086873,0.239085,1.084982,-0.089094,2
0.687804,1.410512,0.262836,0.552716,-0.986428,-0.358527,-0.688695,-1.508248,-0.970894,-0.539677,-0.918321,0.239085,-1.073483,0.325809,2
0.687804,0.64938,-0.625404,0.552716,1.93852,-0.358527,-0.661884,1.374553,1.300011,0.58465,1.086873,0.239085,1.726688,-0.198177,2
0.687804,-1.152223,0.152063,0.552716,-0.986428,-0.358527,-0.543601,1.374553,-0.970894,-0.539677,-0.918321,0.239085,-0.606788,-0.198177,2
0.687804,-0.860071,1.382881,0.552716,-1.278923,-0.358527,-0.543601,1.374553,-0.970894,-0.539677,1.086873,0.239085,-0.490114,-0.184931,1
0.687804,-0.810525,1.374676,0.552716,-0.986428,-0.358527,-0.201367,-1.508248,-0.970894,-0.539677,1.086873,0.239085,-0.490114,0.037909,1
0.687804,0.022364,-0.967982,-1.816067,-0.108944,-0.358527,-0.688695,-1.508248,-0.970894,-0.539677,-0.918321,0.239085,-1.073483,-0.198177,1
0.687804,-0.319334,-0.668483,0.552716,0.476046,-0.358527,0.008388,-1.508248,1.300011,-0.314812,1.086873,0.239085,-0.490114,-0.197592,1
0.687804,-0.689222,-0.412063,0.552716,-1.863913,-1.911143,0.718089,-1.508248,-0.970894,-0.539677,-0.918321,0.239085,-0.140093,-0.193307,1
0.687804,-0.710578,1.61366,0.552716,0.183551,-0.358527,-0.661884,-1.508248,1.300011,-0.089946,-0.918321,0.239085,-1.073483,0.883299,1
-1.449964,0.492199,-0.463347,0.552716,-1.278923,1.711628,-0.635073,-1.508248,-0.970894,-0.539677,-0.918321,0.239085,0.443276,-0.150258,1
-1.449964,-0.760124,-0.907467,0.552716,1.061036,-0.358527,-0.464745,-1.508248,-0.970894,-0.539677,-0.918321,-3.127628,-0.140093,-0.198177,1
0.687804,0.393106,0.152063,0.552716,-1.278923,0.159012,0.8758,-1.508248,-0.970894,-0.539677,-0.918321,0.239085,0.151591,-0.064356,1
0.687804,-0.503851,-0.522836,-1.816067,-0.401439,-0.358527,0.560378,1.374553,-0.970894,-0.539677,-0.918321,0.239085,0.02325,-0.198177,1
0.687804,0.115477,-0.463347,0.552716,-0.401439,-0.358527,-0.149323,-1.508248,1.300011,-0.089946,1.086873,0.239085,3.126773,-0.198177,1
0.687804,-0.853237,-0.81413,-1.816067,1.646025,-0.358527,-0.491556,-1.508248,-0.970894,-0.539677,-0.918321,0.239085,-0.140093,-0.198177,1
-1.449964,1.175594,-0.771051,0.552716,1.061036,-0.358527,-0.661884,-1.508248,-0.970894,-0.539677,1.086873,0.239085,0.460777,-0.198177,1
0.687804,1.730854,-0.557709,-1.816067,-1.863913,-1.911143,-0.228178,-1.508248,-0.970894,-0.539677,-0.918321,0.239085,-0.373441,-0.197982,1
0.687804,1.346443,0.357199,0.552716,0.183551,-0.358527,-0.38589,-1.508248,-0.970894,-0.539677,1.086873,0.239085,-1.073483,-0.153765,1
0.687804,-0.255266,-0.232568,0.552716,-0.401439,-0.358527,-0.622456,-1.508248,-0.970894,-0.539677,1.086873,0.239085,-0.490114,-0.198177,1
-1.449964,-0.682388,1.382881,-1.816067,-0.986428,1.711628,0.244955,-1.508248,-0.970894,-0.539677,1.086873,0.239085,-0.95681,-0.19506,1
-1.449964,0.136833,-0.514631,-1.816067,1.646025,-0.358527,0.402666,-1.508248,-0.970894,-0.539677,1.086873,0.239085,0.093254,-0.170711,1
0.687804,-1.237647,-0.301289,0.552716,-1.278923,-0.358527,-0.595645,-1.508248,-0.970894,-0.539677,1.086873,0.239085,-0.256767,-0.197787,1
-1.449964,-0.824193,1.416729,0.552716,-0.986428,1.711628,-0.674501,-1.508248,-0.970894,-0.539677,-0.918321,0.239085,0.793297,-0.197203,1
0.687804,0.207735,0.152063,-1.816067,0.183551,-0.358527,-0.228178,-1.508248,-0.970894,-0.539677,1.086873,0.239085,-0.723462,-0.198177,1
-1.449964,-1.024086,-0.839772,0.552716,0.476046,-0.358527,-0.176134,-1.508248,-0.970894,-0.539677,-0.918321,0.239085,0.209928,-0.197203,1
0.687804,0.528077,0.459767,0.552716,1.061036,1.711628,2.926046,1.374553,1.300011,1.034381,1.086873,0.239085,0.676623,-0.197203,1
0.687804,-0.461139,-0.804899,0.552716,1.646025,-0.358527,-0.333845,-1.508248,-0.970894,-0.539677,-0.918321,0.239085,-0.490114,-0.198177,1
0.687804,0.29316,-0.463347,0.552716,-1.278923,-0.358527,-0.38589,-1.508248,-0.970894,-0.539677,1.086873,0.239085,0.151591,-0.198177,1
0.687804,1.467746,4.42608,-1.816067,-1.863913,-1.911143,-0.701312,1.374553,-0.970894,-0.539677,1.086873,0.239085,-1.073483,-0.198177,1
0.687804,1.503624,-0.506425,0.552716,-1.863913,-1.911143,-0.609839,-1.508248,-0.970894,-0.539677,-0.918321,0.239085,0.093254,-0.197592,1
0.687804,-0.667866,-0.891056,-1.816067,0.183551,-0.358527,-0.688695,-1.508248,1.300011,-0.089946,-0.918321,0.239085,-0.326771,-0.197008,1
-1.449964,-0.895949,0.049494,-1.816067,-1.863913,-1.911143,-0.701312,-1.508248,-0.970894,-0.539677,-0.918321,0.239085,-1.073483,-0.198177,1
0.687804,-0.411593,-0.565915,0.552716,-1.571418,-0.358527,-0.464745,-1.508248,-0.970894,-0.539677,1.086873,0.239085,-0.606788,-0.198177,1
0.687804,-0.924139,0.066931,-1.816067,-0.693933,-0.358527,-0.609839,-1.508248,-0.970894,-0.539677,-0.918321,0.239085,-0.256767,-0.162335,1
0.687804,-1.208603,0.357199,0.552716,-1.278923,-0.358527,-0.661884,-1.508248,-0.970894,-0.539677,-0.918321,0.239085,-0.723462,-0.178698,1
0.687804,-0.831881,-0.660278,0.552716,-0.986428,-0.358527,-0.674501,-1.508248,-0.970894,-0.539677,1.086873,0.239085,1.00331,-0.198177,1
0.687804,-0.653344,-0.856183,-1.816067,1.646025,1.711628,-0.661884,-1.508248,-0.970894,-0.539677,-0.918321,0.239085,0.326602,-0.197982,1
0.687804,-1.088154,-0.976188,0.552716,1.061036,-0.358527,-0.491556,-1.508248,-0.970894,-0.539677,-0.918321,0.239085,-0.140093,-0.197982,1
0.687804,0.222257,-0.412063,0.552716,-1.278923,0.159012,0.087244,-1.508248,-0.970894,-0.539677,1.086873,0.239085,0.279933,-0.159219,1
-1.449964,0.912487,-0.617199,-1.816067,0.183551,-0.358527,-0.701312,-1.508248,-0.970894,-0.539677,1.086873,0.239085,-0.19843,-0.197982,1
-1.449964,-0.596964,-0.838746,0.552716,-0.401439,1.711628,-0.149323,1.374553,-0.970894,-0.539677,-0.918321,0.239085,1.259992,-0.198177,1
0.687804,-1.037754,0.511051,0.552716,-0.108944,-0.358527,-0.688695,-1.508248,1.300011,-0.314812,-0.918321,0.239085,-0.490114,-0.197982,1
-1.449964,-0.375714,-0.719767,0.552716,-1.863913,-1.911143,-0.701312,-1.508248,1.300011,-0.314812,-0.918321,0.239085,-0.536784,-0.13974,1
0.687804,-0.895949,1.092613,-1.816067,0.768541,1.711628,-0.307034,-1.508248,-0.970894,-0.539677,-0.918321,0.239085,0.443276,-0.198177,1
-1.449964,0.000154,-0.668483,0.552716,-1.863913,-1.911143,-0.701312,-1.508248,1.300011,-0.089946,1.086873,0.239085,0.093254,-0.177724,1
0.687804,0.991078,-0.514631,0.552716,-1.278923,0.159012,-0.464745,1.374553,-0.970894,-0.539677,-0.918321,0.239085,2.193383,-0.198177,1
0.687804,0.798872,-0.804899,0.552716,-1.863913,-1.911143,-0.701312,1.374553,-0.970894,-0.539677,-0.918321,0.239085,-0.315104,-0.197982,1
0.687804,-0.304812,-0.360778,0.552716,0.476046,-0.358527,-0.464745,-1.508248,-0.970894,-0.539677,1.086873,0.239085,0.676623,-0.185126,1
-1.449964,-0.603798,-0.762846,-1.816067,-1.863913,-1.911143,-0.543601,1.374553,1.300011,0.134919,-0.918321,0.239085,-0.023419,-0.169543,1
0.687804,-1.329906,-0.335136,0.552716,0.476046,-0.358527,-0.674501,-1.508248,1.300011,-0.314812,-0.918321,0.239085,-1.073483,-0.197008,1
0.687804,-1.30855,-0.804899,0.552716,-0.108944,-0.358527,-0.674501,1.374553,-0.970894,-0.539677,-0.918321,-3.127628,0.093254,-0.198177,1
0.687804,-0.774647,1.382881,-1.816067,-0.108944,-0.358527,-0.228178,-1.508248,-0.970894,-0.539677,1.086873,0.239085,-1.073483,0.580984,1
-1.449964,0.030052,-0.335136,0.552716,-1.863913,-1.911143,0.257572,-1.508248,1.300011,-0.089946,1.086873,0.239085,0.093254,-0.197398,1
0.687804,0.001008,-0.822335,-1.816067,-0.401439,-0.358527,0.402666,-1.508248,-0.970894,-0.539677,1.086873,0.239085,0.793297,-0.198177,1
0.687804,-0.454305,-0.660278,0.552716,0.476046,-0.358527,-0.661884,-1.508248,-0.970894,-0.539677,-0.918321,0.239085,-0.490114,-0.198177,1
0.687804,0.798872,-0.514631,-1.816067,1.93852,1.711628,2.452912,1.374553,-0.970894,-0.539677,1.086873,0.239085,-0.046754,-0.198177,1
0.687804,-0.7251,-0.463347,0.552716,-1.863913,-1.911143,-0.674501,-1.508248,-0.970894,-0.539677,1.086873,0.239085,-0.490114,0.621501,1
0.687804,0.955199,-0.138205,0.552716,-0.401439,-0.358527,-0.688695,-1.508248,-0.970894,-0.539677,-0.918321,0.239085,-0.443445,-0.178698,1
0.687804,0.342706,-0.822335,0.552716,-0.986428,-0.358527,-0.228178,-1.508248,-0.970894,-0.539677,1.086873,0.239085,0.274099,-0.198177,1
0.687804,-0.490183,1.656738,0.552716,1.646025,-0.358527,-0.543601,-1.508248,-0.970894,-0.539677,-0.918321,0.239085,-1.073483,-0.197787,1
0.687804,-0.326168,-0.711562,0.552716,-0.986428,1.711628,-0.622456,-1.508248,-0.970894,-0.539677,1.086873,-3.127628,-0.256767,-0.198177,1
-1.449964,-1.009564,-0.822335,0.552716,0.183551,-0.358527,-0.450551,1.374553,1.300011,0.58465,1.086873,0.239085,-0.256767,-0.197203,1
-1.449964,-0.461139,-0.565915,0.552716,-0.693933,-0.876066,-0.701312,-1.508248,-0.970894,-0.539677,1.086873,0.239085,0.536615,-0.197982,1
-1.449964,0.628023,-0.634636,0.552716,-0.401439,-0.358527,-0.622456,-1.508248,-0.970894,-0.539677,-0.918321,0.239085,-1.073483,-0.122209,1
-1.449964,-0.539729,1.793154,-1.816067,-1.863913,-1.911143,-0.070467,-1.508248,1.300011,-0.314812,1.086873,0.239085,0.093254,-0.197982,1
0.687804,0.29316,-0.283852,0.552716,0.183551,1.711628,1.91354,-1.508248,-0.970894,-0.539677,1.086873,0.239085,-1.073483,-0.198177,1
-1.449964,-1.301716,-0.933109,0.552716,-0.401439,-0.358527,-0.661884,-1.508248,-0.970894,-0.539677,-0.918321,0.239085,0.093254,-0.197982,1
0.687804,-1.187247,-0.061279,0.552716,0.183551,-0.358527,-0.622456,-1.508248,-0.970894,-0.539677,-0.918321,-3.127628,-0.606788,-0.198177,1
-1.449964,0.791184,-0.25821,0.552716,-1.278923,0.159012,-0.543601,-1.508248,-0.970894,-0.539677,-0.918321,-3.127628,5.693596,-0.198177,1
0.687804,-0.127129,-0.762846,-1.816067,-1.278923,0.159012,-0.543601,1.374553,1.300011,1.708977,1.086873,0.239085,-0.303436,-0.192723,1
-1.449964,1.595883,-0.804899,0.552716,-0.401439,-0.358527,-0.543601,-1.508248,-0.970894,-0.539677,1.086873,0.239085,0.326602,-0.175386,1
0.687804,0.207735,0.066931,-1.816067,-1.278923,0.159012,-0.359079,-1.508248,-0.970894,-0.539677,1.086873,0.239085,1.726688,-0.198177,1
-1.449964,-0.917305,0.767472,0.552716,0.183551,-0.358527,-0.649267,-1.508248,-0.970894,-0.539677,-0.918321,0.239085,-1.073483,-0.129805,1
0.687804,-0.041704,-0.343342,0.552716,0.183551,-0.358527,0.087244,-1.508248,1.300011,-0.089946,1.086873,0.239085,-0.140093,-0.19019,1
0.687804,0.955199,-0.360778,0.552716,-1.278923,0.159012,-0.38589,1.374553,-0.970894,-0.539677,-0.918321,0.239085,-1.073483,-0.159219,1
0.687804,-1.109511,1.134666,0.552716,-1.863913,-1.911143,-0.570412,-1.508248,-0.970894,-0.539677,-0.918321,0.239085,-0.606788,-0.198177,1
-1.449964,-0.255266,-0.206926,0.552716,0.183551,-0.358527,-0.622456,-1.508248,1.300011,-0.314812,1.086873,0.239085,-0.840136,-0.168179,1
0.687804,-1.016398,1.075176,-1.816067,-0.986428,1.711628,-0.437934,1.374553,-0.970894,-0.539677,1.086873,0.239085,-0.256767,-0.198177,1
0.687804,0.000154,-0.967982,-1.816067,-1.571418,-0.358527,0.639233,-1.508248,-0.970894,-0.539677,1.086873,0.239085,1.610014,-0.198177,1
0.687804,-0.639676,-0.796693,0.552716,-0.108944,-0.358527,-0.674501,-1.508248,1.300011,0.359785,-0.918321,0.239085,0.408274,0.181664,1
0.687804,-0.503851,-0.309494,0.552716,0.183551,1.711628,0.021005,-1.508248,1.300011,-0.314812,1.086873,0.239085,1.353331,-0.194086,1
0.687804,-0.888261,-0.976188,0.552716,0.183551,-0.358527,-0.543601,-1.508248,-0.970894,-0.539677,1.086873,-3.127628,-1.073483,-0.198177,1
-1.449964,-1.05911,0.134626,0.552716,-1.278923,1.711628,-0.609839,-1.508248,-0.970894,-0.539677,-0.918321,0.239085,-0.606788,-0.103898,1
0.687804,-1.123178,1.160308,-1.816067,-0.401439,-0.358527,-0.661884,1.374553,-0.970894,-0.539677,-0.918321,0.239085,-0.373441,-0.12513,1
-1.449964,-0.432949,-0.420268,-1.816067,0.183551,-0.358527,-0.674501,-1.508248,-0.970894,-0.539677,-0.918321,-3.127628,-0.606788,-0.198177,1
0.687804,-0.503851,-0.916698,-1.816067,0.183551,-0.358527,-0.228178,-1.508248,-0.970894,-0.539677,1.086873,0.239085,-0.140093,-0.198177,1
-1.449964,2.222044,-0.565915,0.552716,-1.863913,-1.911143,1.348934,-1.508248,1.300011,-0.314812,-0.918321,0.239085,-1.073483,-0.196229,1
0.687804,-0.354358,1.588017,0.552716,-0.401439,0.159012,-0.622456,-1.508248,-0.970894,-0.539677,1.086873,0.239085,3.126773,-0.198177,1
-1.449964,-1.251315,-0.87362,0.552716,-1.278923,-0.358527,-0.649267,-1.508248,1.300011,0.809515,1.086873,0.239085,0.326602,-0.191359,1
0.687804,-1.137701,-0.94234,0.552716,-1.571418,-0.358527,-0.622456,-1.508248,-0.970894,-0.539677,1.086873,-3.127628,0.55995,-0.198177,1
-1.449964,0.748472,0.690546,-1.816067,-0.986428,-0.358527,-0.649267,-1.508248,1.300011,-0.089946,-0.918321,0.239085,-0.000085,-0.194671,1
-1.449964,-0.603798,-0.480783,-1.816067,0.183551,-0.358527,-0.701312,-1.508248,-0.970894,-0.539677,-0.918321,0.239085,-0.373441,-0.198177,1
0.687804,0.585311,-0.831567,0.552716,0.183551,-0.358527,-0.583029,-1.508248,1.300011,-0.089946,-0.918321,0.239085,0.239097,-0.100782,1
-1.449964,-0.29029,-0.856183,0.552716,-0.401439,-0.358527,-0.688695,-1.508248,-0.970894,-0.539677,-0.918321,0.239085,0.443276,-0.002607,1
-1.449964,-1.323072,-0.907467,0.552716,-1.863913,-1.911143,-0.701312,-1.508248,1.300011,-0.314812,-0.918321,0.239085,-0.140093,-0.173633,1
0.687804,0.414462,-0.822335,-1.816067,-1.571418,-0.358527,-0.51679,-1.508248,-0.970894,-0.539677,-0.918321,0.239085,0.326602,-0.197592,1
0.687804,-1.109511,0.195141,0.552716,-1.571418,-0.358527,-0.530984,-1.508248,-0.970894,-0.539677,-0.918321,0.239085,-0.373441,-0.198177,1
-1.449964,-0.760124,-0.822335,0.552716,0.183551,-0.358527,-0.070467,-1.508248,1.300011,-0.089946,1.086873,0.239085,0.093254,-0.121429,1
-1.449964,-0.682388,-0.805924,0.552716,1.061036,-0.358527,-0.570412,-1.508248,1.300011,-0.314812,1.086873,0.239085,0.093254,-0.196034,1
0.687804,0.222257,0.904913,0.552716,0.183551,-0.358527,0.718089,1.374553,1.300011,2.158707,1.086873,0.239085,-1.073483,-0.155128,2
0.687804,1.688141,1.075176,0.552716,-1.278923,0.159012,-0.701312,1.374553,1.300011,1.933842,-0.918321,0.239085,-1.073483,0.045116,2
-1.449964,2.478318,2.408563,0.552716,1.061036,-0.358527,2.768334,1.374553,-0.970894,-0.539677,1.086873,0.239085,-0.950976,1.859003,2
-1.449964,2.507362,0.049494,0.552716,-0.401439,-0.358527,0.560378,1.374553,1.300011,0.359785,-0.918321,0.239085,-1.073483,-0.178893,2
0.687804,-1.037754,0.357199,0.552716,0.476046,1.711628,-0.240795,1.374553,1.300011,1.034381,-0.918321,0.239085,-0.606788,0.377234,2
0.687804,1.425034,4.169659,0.552716,0.476046,-0.358527,-0.149323,1.374553,1.300011,0.134919,-0.918321,0.239085,-0.373441,-0.19545,2
-1.449964,-0.027182,-0.206926,0.552716,1.646025,1.711628,-0.504173,1.374553,1.300011,1.484111,1.086873,0.239085,-0.017586,-0.198177,2
0.687804,0.008696,-0.805924,0.552716,1.93852,-0.358527,-0.280223,1.374553,1.300011,1.259246,1.086873,0.239085,0.694125,0.442683,2
0.687804,0.820229,-0.147437,0.552716,1.646025,1.711628,1.506645,1.374553,1.300011,1.259246,-0.918321,0.239085,0.793297,-0.198177,2
-1.449964,-0.582441,-0.360778,0.552716,1.061036,1.711628,-0.122512,1.374553,1.300011,3.732765,-0.918321,0.239085,-1.073483,-0.100782,2
0.687804,-0.631988,-0.796693,0.552716,1.061036,-0.358527,0.757517,1.374553,1.300011,-0.089946,1.086873,0.239085,1.960035,0.191404,2
-1.449964,-1.05911,0.784908,0.552716,1.646025,1.711628,-0.464745,1.374553,1.300011,1.034381,-0.918321,0.239085,-0.513449,-0.198177,2
0.687804,0.983389,-0.899262,-1.816067,0.183551,-0.358527,-0.583029,1.374553,1.300011,1.259246,1.086873,0.239085,0.676623,-0.166621,2
-1.449964,-1.152223,-0.899262,2.9215,1.646025,-1.911143,2.452912,-1.508248,-0.970894,-0.539677,1.086873,-3.127628,0.676623,-0.198177,2
0.687804,-0.810525,-0.805924,0.552716,0.183551,1.711628,-0.018422,-1.508248,-0.970894,-0.539677,1.086873,0.239085,-0.326771,-0.198177,2
0.687804,-0.746456,-0.360778,0.552716,-0.108944,-0.358527,-0.294417,1.374553,1.300011,-0.314812,-0.918321,0.239085,0.443276,-0.042345,2
-1.449964,-0.952329,-0.804899,0.552716,1.061036,-0.358527,-0.201367,1.374553,1.300011,-0.314812,-0.918321,0.239085,-1.073483,-0.198177,2
0.687804,1.467746,0.767472,0.552716,0.183551,1.711628,3.241468,1.374553,1.300011,1.484111,-0.918321,0.239085,-0.017586,0.124201,2
0.687804,-0.411593,-0.745409,0.552716,1.93852,1.711628,-0.307034,1.374553,-0.970894,-0.539677,-0.918321,0.239085,-1.073483,0.833822,2
0.687804,-0.7251,1.382881,0.552716,0.476046,1.711628,-0.031039,1.374553,1.300011,1.933842,1.086873,0.239085,0.618287,-0.142856,2
0.687804,-0.226221,2.100859,0.552716,0.183551,1.711628,0.981466,1.374553,1.300011,1.933842,-0.918321,0.239085,-1.073483,0.246529,2
0.687804,1.69583,-0.967982,0.552716,1.93852,1.711628,-0.688695,1.374553,-0.970894,-0.539677,-0.918321,0.239085,-1.073483,0.386194,2
0.687804,0.435818,-0.07051,-1.816067,-0.986428,-0.358527,-0.622456,1.374553,1.300011,1.708977,1.086873,0.239085,0.793297,-0.198177,2
0.687804,0.976555,-0.916698,-1.816067,1.646025,1.711628,-0.149323,1.374553,1.300011,1.259246,-0.918321,0.239085,-0.490114,-0.12513,2
0.687804,-0.503851,1.588017,0.552716,1.646025,-0.358527,-0.319651,1.374553,1.300011,14.526302,1.086873,0.239085,-0.256767,-0.147921,2
0.687804,-0.561085,1.588017,0.552716,-0.401439,-0.358527,0.244955,1.374553,-0.970894,-0.539677,1.086873,-3.127628,-0.95681,-0.198177,2
-1.449964,0.329038,1.485449,0.552716,1.061036,1.711628,3.714601,1.374553,1.300011,1.259246,-0.918321,0.239085,-1.073483,1.085491,2
0.687804,0.641691,0.254631,0.552716,-0.108944,-0.358527,-0.294417,1.374553,1.300011,0.58465,1.086873,0.239085,-0.443445,0.015508,2
-1.449964,-0.176675,-0.881825,0.552716,-0.986428,-0.358527,-0.530984,1.374553,1.300011,0.359785,-0.918321,0.239085,1.143319,-0.100782,2
0.687804,1.44639,-0.104358,0.552716,-0.108944,-0.358527,-0.661884,1.374553,-0.970894,-0.539677,1.086873,0.239085,0.239097,-0.198177,2
-1.449964,-0.696056,-0.81413,-1.816067,1.061036,-0.358527,-0.228178,1.374553,1.300011,-0.089946,1.086873,0.239085,-0.606788,-0.120261,2
-1.449964,3.169402,2.100859,0.552716,0.768541,2.229167,-0.701312,1.374553,1.300011,2.608438,-0.918321,0.239085,-1.073483,0.459435,2
0.687804,-0.760124,-0.94234,0.552716,0.183551,-0.876066,0.008388,-1.508248,-0.970894,-0.539677,1.086873,-3.127628,-1.073483,-0.198177,2
0.687804,0.435818,-0.309494,0.552716,1.061036,1.711628,2.13749,1.374553,-0.970894,-0.539677,1.086873,0.239085,-0.478447,-0.073706,2
0.687804,0.09412,0.152063,0.552716,1.061036,1.711628,1.033511,1.374553,1.300011,2.158707,1.086873,0.239085,1.306662,-0.003387,2
0.687804,-0.554251,-0.625404,0.552716,1.93852,-0.358527,-0.176134,1.374553,1.300011,-0.314812,1.086873,0.239085,1.230824,-0.194281,2
0.687804,0.563955,1.100818,0.552716,1.93852,-0.358527,0.087244,1.374553,1.300011,0.809515,-0.918321,0.239085,1.960035,-0.159998,2
-1.449964,-0.689222,0.87004,0.552716,1.061036,-0.358527,1.979778,1.374553,1.300011,0.58465,1.086873,0.239085,-0.373441,-0.198177,2
0.687804,-0.61832,0.382841,-1.816067,-1.571418,-0.358527,1.033511,1.374553,-0.970894,-0.539677,1.086873,-3.127628,-0.490114,-0.198177,2
0.687804,-0.902783,-0.360778,-1.816067,-1.571418,-0.358527,-0.359079,1.374553,1.300011,1.259246,1.086873,0.239085,-0.140093,-0.197982,2
0.687804,-0.7251,-0.463347,0.552716,0.183551,-0.358527,-0.359079,1.374553,1.300011,1.933842,1.086873,0.239085,-0.723462,0.227245,2
0.687804,0.171857,-0.412063,0.552716,-0.108944,-0.358527,0.639233,1.374553,1.300011,0.809515,-0.918321,0.239085,0.116589,-0.198177,2
0.687804,0.286326,0.049494,0.552716,1.93852,1.711628,1.664356,1.374553,1.300011,0.809515,1.086873,0.239085,-1.073483,-0.003387,2
0.687804,-0.119441,-0.87362,0.552716,0.183551,-0.358527,-0.149323,1.374553,1.300011,1.933842,-0.918321,0.239085,-0.886805,-0.09299,2
-1.449964,-0.240744,-0.206926,0.552716,0.183551,-0.358527,-0.359079,1.374553,1.300011,-0.314812,1.086873,0.239085,1.090815,-0.198177,2
0.687804,-0.36888,-0.651046,0.552716,1.646025,1.711628,-0.122512,1.374553,1.300011,2.158707,1.086873,0.239085,2.327558,-0.059291,2
-1.449964,-0.582441,1.588017,0.552716,-0.401439,-0.358527,-0.228178,1.374553,1.300011,2.158707,1.086873,0.239085,-0.373441,-0.087731,2
-1.449964,-0.468827,0.801319,0.552716,-0.401439,-0.358527,-0.254989,1.374553,-0.970894,-0.539677,-0.918321,0.239085,-0.140093,-0.168958,2
0.687804,0.136833,-0.352573,-1.816067,0.183551,1.711628,-0.05785,1.374553,1.300011,-0.314812,1.086873,0.239085,-0.023419,3.313307,2
0.687804,-0.020348,3.023972,0.552716,0.183551,-0.358527,1.506645,1.374553,1.300011,3.058169,-0.918321,0.239085,-1.073483,0.775775,2
0.687804,-1.05911,-0.976188,-1.816067,-0.108944,0.159012,-0.701312,-1.508248,-0.970894,-0.539677,1.086873,-3.127628,1.843361,-0.197982,2
-1.449964,1.09017,-0.976188,0.552716,0.183551,-0.358527,0.087244,1.374553,-0.970894,-0.539677,-0.918321,0.239085,-1.073483,-0.198177,2
0.687804,0.606667,-0.933109,0.552716,-0.986428,-0.358527,-0.674501,1.374553,-0.970894,-0.539677,1.086873,0.239085,0.55995,-0.198177,2
0.687804,-1.05911,0.972608,0.552716,0.476046,-0.358527,-0.228178,1.374553,-0.970894,-0.539677,-0.918321,0.239085,-0.373441,0.231531,2
0.687804,0.307682,-0.463347,0.552716,-0.986428,-0.358527,0.718089,1.374553,1.300011,1.034381,-0.918321,0.239085,-0.19843,0.049207,2
0.687804,-0.063061,-0.976188,0.552716,0.476046,-0.358527,-0.307034,1.374553,1.300011,-0.314812,-0.918321,0.239085,0.104922,-0.198177,2
0.687804,-0.703744,1.408523,-1.816067,0.476046,-0.358527,-0.437934,1.374553,-0.970894,-0.539677,1.086873,0.239085,-0.140093,-0.13974,2
0.687804,-1.201769,3.536813,2.9215,-1.863913,1.19409,-0.701312,-1.508248,-0.970894,-0.539677,1.086873,3.605799,1.551677,19.280849,2
0.687804,-0.418426,-0.420268,-1.816067,1.646025,-0.358527,0.954656,1.374553,1.300011,-0.314812,-0.918321,0.239085,0.157425,-0.198177,2
0.687804,0.100954,-0.668483,0.552716,1.646025,1.711628,1.033511,1.374553,1.300011,0.134919,1.086873,0.239085,-1.073483,-0.198177,2
0.687804,-0.140797,-0.599762,0.552716,0.183551,1.711628,0.666044,1.374553,-0.970894,-0.539677,-0.918321,0.239085,0.443276,-0.159219,2
0.687804,-0.333002,1.844438,0.552716,0.476046,-0.358527,1.112367,1.374553,-0.970894,-0.539677,1.086873,0.239085,1.767523,-0.100782,2
0.687804,-0.390236,-0.822335,0.552716,0.183551,1.711628,0.639233,1.374553,1.300011,0.134919,1.086873,0.239085,0.746628,-0.168958,2
0.687804,-0.874593,0.562335,0.552716,-0.401439,-0.358527,-0.254989,1.374553,1.300011,-0.314812,-0.918321,0.239085,-0.606788,1.710768,2
0.687804,-0.418426,-0.104358,0.552716,1.646025,-0.358527,0.65185,1.374553,1.300011,-0.314812,1.086873,0.239085,-0.373441,-0.198177,2
-1.449964,0.791184,1.075176,0.552716,1.061036,1.711628,-0.149323,1.374553,-0.970894,-0.539677,-0.918321,0.239085,-0.904306,-0.035137,2
0.687804,0.933843,0.032058,-1.816067,0.476046,-0.358527,0.297,1.374553,-0.970894,-0.539677,1.086873,0.239085,-0.770132,0.082711,2
-1.449964,-1.088154,-0.07051,-1.816067,0.183551,1.711628,0.244955,1.374553,-0.970894,-0.539677,-0.918321,0.239085,0.326602,-0.198177,2
0.687804,-0.831881,-0.924904,0.552716,-1.571418,1.711628,-0.491556,1.374553,-0.970894,-0.539677,1.086873,0.239085,-1.073483,-0.198177,2
0.687804,-0.610632,1.55417,0.552716,1.061036,1.711628,-0.201367,1.374553,-0.970894,-0.539677,1.086873,0.239085,-0.373441,-0.198177,2
0.687804,0.663048,0.228989,0.552716,1.646025,1.711628,2.452912,1.374553,1.300011,2.608438,1.086873,0.239085,1.254159,-0.198177,2
0.687804,0.897965,-0.762846,0.552716,0.476046,-0.358527,0.8758,1.374553,1.300011,0.809515,1.086873,0.239085,1.843361,1.749726,2
-1.449964,-0.767813,1.229029,0.552716,1.061036,-0.358527,-0.570412,1.374553,1.300011,0.58465,1.086873,0.239085,-1.073483,-0.089094,2
0.687804,1.375488,-0.463347,0.552716,-0.108944,0.159012,0.087244,1.374553,1.300011,2.158707,1.086873,0.239085,1.318329,0.290747,2
-1.449964,0.179545,-0.899262,0.552716,1.646025,-0.358527,-0.583029,-1.508248,-0.970894,-0.539677,-0.918321,0.239085,0.676623,-0.189606,2
0.687804,0.165023,-0.617199,0.552716,1.93852,1.711628,0.718089,1.374553,1.300011,0.359785,1.086873,0.239085,0.40244,-0.031242,2
-1.449964,-0.952329,0.562335,0.552716,-0.986428,-0.358527,-0.228178,1.374553,1.300011,-0.314812,-0.918321,0.239085,-0.140093,-0.152596,2
-1.449964,-1.344428,-0.856183,0.552716,0.183551,1.711628,-0.228178,1.374553,1.300011,-0.089946,-0.918321,0.239085,-0.490114,-0.198177,2
0.687804,-0.319334,-0.771051,-1.816067,-1.571418,1.711628,0.244955,-1.508248,-0.970894,-0.539677,-0.918321,0.239085,-0.046754,-0.093574,1
-1.449964,2.065718,0.476178,0.552716,-0.986428,1.711628,1.427789,1.374553,1.300011,0.134919,1.086873,0.239085,-0.490114,-0.188437,1
0.687804,0.855253,-0.617199,0.552716,-0.986428,-0.358527,-0.635073,1.374553,-0.970894,-0.539677,-0.918321,0.239085,-0.140093,-0.198177,1
-1.449964,-0.952329,1.177745,-1.816067,1.93852,1.711628,-0.701312,-1.508248,-0.970894,-0.539677,1.086873,0.239085,-0.175095,-0.191944,1
0.687804,3.695617,2.921404,-1.816067,-1.863913,-1.911143,-0.688695,-1.508248,1.300011,-0.089946,-0.918321,0.239085,-1.073483,-0.129805,1
-1.449964,1.354132,-0.360778,0.552716,1.93852,-0.358527,3.675174,1.374553,1.300011,-0.089946,1.086873,0.239085,1.954201,0.133746,2
0.687804,-0.717412,-0.976188,0.552716,1.646025,-0.358527,-0.674501,1.374553,-0.970894,-0.539677,-0.918321,0.239085,-1.073483,-0.198177,2
0.687804,2.713235,-0.865414,0.552716,0.183551,-0.358527,-0.51679,1.374553,1.300011,0.134919,1.086873,0.239085,-0.023419,-0.198177,1
-1.449964,-0.924139,1.126461,0.552716,1.061036,-0.358527,-0.477362,1.374553,1.300011,-0.089946,1.086873,0.239085,-0.787633,-0.198177,2
0.687804,-0.34069,-0.309494,-1.816067,1.061036,1.711628,0.902611,-1.508248,1.300011,-0.089946,1.086873,0.239085,1.079148,-0.197982,1
-1.449964,-0.667866,-0.830541,0.552716,0.476046,-0.358527,-0.622456,-1.508248,1.300011,-0.314812,1.086873,0.239085,0.326602,-0.197398,1
0.687804,-1.116345,-0.565915,0.552716,-1.278923,-0.358527,-0.228178,1.374553,1.300011,-0.089946,-0.918321,0.239085,-0.373441,-0.13974,2
-1.449964,-0.603798,-0.87362,0.552716,1.061036,1.711628,-0.228178,1.374553,-0.970894,-0.539677,-0.918321,0.239085,0.55995,-0.03767,2
0.687804,0.421296,-0.104358,0.552716,1.061036,-0.358527,0.402666,-1.508248,-0.970894,-0.539677,-0.918321,0.239085,1.575012,-0.188437,1
0.687804,-0.511539,-0.907467,0.552716,-0.986428,1.711628,0.402666,-1.508248,-0.970894,-0.539677,1.086873,0.239085,0.909971,-0.198177,1
-1.449964,0.051408,-0.676689,0.552716,0.476046,-0.358527,-0.359079,1.374553,1.300011,3.058169,-0.918321,0.239085,-0.373441,0.206792,2
-1.449964,0.307682,-0.206926,0.552716,-1.863913,-1.911143,-0.701312,-1.508248,1.300011,0.809515,-0.918321,0.239085,-1.073483,-0.159219,1
-1.449964,-0.582441,1.827001,0.552716,1.061036,1.711628,-0.228178,-1.508248,-0.970894,-0.539677,-0.918321,0.239085,0.55995,-0.197982,1
-1.449964,1.318253,1.690586,0.552716,-1.278923,0.159012,0.927845,1.374553,1.300011,1.484111,1.086873,0.239085,-1.073483,-0.198177,2
0.687804,-0.802837,-0.856183,-1.816067,-1.863913,-1.911143,-0.701312,-1.508248,-0.970894,-0.539677,-0.918321,0.239085,-0.490114,-0.198177,1
0.687804,-0.247577,1.99829,0.552716,-1.571418,-0.358527,-0.661884,-1.508248,-0.970894,-0.539677,-0.918321,0.239085,-1.073483,-0.142467,1
0.687804,-0.333002,-0.565915,0.552716,1.93852,1.711628,-0.38589,1.374553,1.300011,0.359785,-0.918321,0.239085,-0.256767,1.271321,2
-1.449964,1.560005,1.81059,0.552716,-0.986428,1.711628,1.979778,1.374553,-0.970894,-0.539677,1.086873,0.239085,-1.073483,-0.198177,2
-1.449964,0.357228,-0.788488,0.552716,-0.401439,-0.358527,-0.464745,1.374553,1.300011,0.359785,-0.918321,0.239085,-1.073483,0.110176,2
0.687804,0.214569,-0.959777,-1.816067,-0.108944,0.159012,-0.688695,1.374553,1.300011,-0.314812,1.086873,0.239085,0.55995,0.191404,2
-1.449964,0.613501,-0.668483,0.552716,-1.863913,-1.911143,-0.701312,-1.508248,-0.970894,-0.539677,-0.918321,0.239085,-0.630123,-0.198177,1
-1.449964,2.179332,3.023972,0.552716,0.183551,-0.358527,1.033511,1.374553,1.300011,1.034381,-0.918321,0.239085,-1.073483,0.386194,2
-1.449964,2.286113,1.075176,0.552716,1.061036,-0.358527,0.560378,1.374553,1.300011,2.608438,-0.918321,0.239085,-1.073483,0.113877,2
0.687804,-0.226221,-0.899262,0.552716,0.183551,-0.358527,-0.609839,-1.508248,-0.970894,-0.539677,-0.918321,0.239085,0.209928,-0.170906,1
-1.449964,1.232829,-0.155642,0.552716,-0.693933,-0.876066,-0.701312,1.374553,-0.970894,-0.539677,-0.918321,0.239085,-0.490114,-0.011178,2
-1.449964,-0.917305,-0.87362,-1.816067,0.768541,-1.393604,-0.38589,-1.508248,-0.970894,-0.539677,-0.918321,0.239085,0.443276,-0.198177,1
0.687804,-0.497017,-0.87362,0.552716,0.183551,-0.358527,-0.240795,1.374553,1.300011,0.58465,1.086873,0.239085,0.746628,-0.198177,2
-1.449964,1.239663,-0.360778,0.552716,0.183551,-0.358527,0.047816,1.374553,1.300011,1.259246,1.086873,0.239085,1.236658,0.611956,2
-1.449964,-1.33674,-0.386421,0.552716,1.061036,-0.358527,-0.674501,-1.508248,-0.970894,-0.539677,-0.918321,0.239085,-0.373441,-0.198177,1
0.687804,0.278637,-0.155642,0.552716,-1.571418,0.159012,3.241468,1.374553,-0.970894,-0.539677,1.086873,0.239085,-0.000085,-0.198177,1
0.687804,1.788088,0.357199,0.552716,-0.986428,-0.358527,1.282695,1.374553,1.300011,2.833304,-0.918321,0.239085,-1.073483,1.983864,2
0.687804,0.506721,-0.804899,0.552716,0.768541,-0.358527,-0.688695,-1.508248,-0.970894,-0.539677,-0.918321,0.239085,-0.373441,-0.197203,1
0.687804,1.389156,-0.121795,0.552716,1.93852,0.159012,-0.674501,-1.508248,-0.970894,-0.539677,1.086873,0.239085,1.960035,-0.198177,1
-1.449964,-0.333002,-0.668483,0.552716,-0.108944,-0.358527,-0.070467,1.374553,-0.970894,-0.539677,-0.918321,-3.127628,1.073314,-0.198177,1
-1.449964,-1.080466,0.921324,-1.816067,0.183551,-0.358527,-0.38589,1.374553,1.300011,0.359785,1.086873,0.239085,-0.606788,-0.100782,2
0.687804,0.314516,-0.326931,0.552716,1.93852,1.711628,0.481522,1.374553,-0.970894,-0.539677,1.086873,0.239085,2.893425,-0.198177,1
-1.449964,2.157976,-0.104358,-1.816067,-1.863913,-1.911143,0.8758,-1.508248,-0.970894,-0.539677,1.086873,0.239085,-1.073483,-0.197398,1
-1.449964,0.186379,-0.822335,0.552716,-0.986428,0.159012,-0.38589,1.374553,1.300011,0.134919,1.086873,0.239085,0.163259,-0.198177,1
-1.449964,-0.731934,-0.599762,0.552716,-0.693933,-0.876066,-0.701312,-1.508248,1.300011,-0.314812,-0.918321,0.239085,0.093254,-0.187853,1
0.687804,-1.223125,-0.360778,0.552716,-0.986428,-0.358527,-0.688695,-1.508248,-0.970894,-0.539677,1.086873,0.239085,-0.140093,-0.190385,1
0.687804,0.257281,-0.976188,0.552716,0.183551,-0.358527,-0.701312,-1.508248,-0.970894,-0.539677,-0.918321,3.605799,-0.000085,-0.198177,1
0.687804,-1.237647,-0.924904,0.552716,1.061036,-0.358527,-0.595645,-1.508248,1.300011,0.359785,-0.918321,0.239085,-0.140093,-0.196618,1
-1.449964,-0.838715,-0.617199,-1.816067,-0.693933,-0.876066,-0.701312,-1.508248,-0.970894,-0.539677,-0.918321,0.239085,-0.140093,-0.198177,1
0.687804,0.136833,-0.762846,0.552716,1.35353,1.711628,1.348934,1.374553,-0.970894,-0.539677,1.086873,0.239085,-0.116758,5.895837,2
0.687804,0.798872,-0.87362,-1.816067,-0.108944,-0.358527,-0.543601,-1.508248,-0.970894,-0.539677,1.086873,0.239085,-0.315104,-0.198177,1
-1.449964,-0.426115,-0.455141,-1.816067,-1.863913,-1.911143,-0.701312,-1.508248,-0.970894,-0.539677,1.086873,0.239085,-0.023419,-0.186489,1
0.687804,0.179545,-0.532067,0.552716,0.183551,-0.358527,-0.228178,-1.508248,-0.970894,-0.539677,-0.918321,3.605799,-0.373441,-0.198177,1
0.687804,-0.169841,-0.00179,0.552716,-0.108944,-0.358527,-0.070467,-1.508248,1.300011,-0.314812,1.086873,0.239085,1.610014,-0.184931,1
0.687804,-0.966852,1.066971,0.552716,0.768541,-1.393604,-0.701312,1.374553,-0.970894,-0.539677,-0.918321,0.239085,-1.073483,-0.198177,2
0.687804,1.147404,0.767472,0.552716,1.646025,1.711628,3.714601,1.374553,1.300011,-0.314812,1.086873,0.239085,-0.560119,0.191404,2
0.687804,2.122952,4.767632,-1.816067,0.183551,-0.358527,8.288226,1.374553,1.300011,8.454937,-0.918321,0.239085,-1.073483,-0.195255,2
-1.449964,-0.61832,-0.463347,-1.816067,-1.278923,0.159012,0.718089,-1.508248,-0.970894,-0.539677,-0.918321,0.239085,0.093254,-0.109352,1
-1.449964,-1.329906,-0.94234,0.552716,-0.401439,-0.358527,-0.38589,-1.508248,1.300011,-0.089946,1.086873,0.239085,0.793297,-0.197982,1
0.687804,0.848419,-0.660278,0.552716,-1.278923,0.159012,0.402666,-1.508248,-0.970894,-0.539677,-0.918321,0.239085,0.186594,-0.198177,2
0.687804,0.271803,2.100859,0.552716,1.35353,1.19409,0.994083,1.374553,1.300011,1.484111,1.086873,0.239085,-1.073483,-0.172075,2
0.687804,0.179545,-0.719767,0.552716,0.476046,-0.358527,-0.333845,-1.508248,-0.970894,-0.539677,-0.918321,0.239085,-0.373441,-0.198177,1
0.687804,-0.952329,-0.599762,0.552716,0.183551,-0.358527,0.008388,1.374553,1.300011,-0.314812,-0.918321,0.239085,-0.490114,-0.168958,2
0.687804,-0.731934,-0.822335,0.552716,-0.108944,-0.358527,-0.543601,-1.508248,-0.970894,-0.539677,1.086873,-3.127628,0.793297,-0.198177,1
0.687804,-0.760124,1.177745,0.552716,1.061036,1.711628,-0.280223,1.374553,-0.970894,-0.539677,-0.918321,0.239085,-0.490114,-0.198177,2
0.687804,0.406774,-0.540273,-1.816067,0.476046,-0.358527,-0.674501,1.374553,1.300011,-0.314812,-0.918321,0.239085,-0.781799,0.033039,2
0.687804,0.222257,-0.660278,0.552716,1.646025,-0.358527,-0.215561,1.374553,1.300011,-0.314812,1.086873,0.239085,1.960035,9.541336,2
0.687804,-0.710578,-0.771051,0.552716,0.183551,-0.358527,-0.437934,1.374553,-0.970894,-0.539677,-0.918321,-3.127628,0.676623,-0.198177,2
0.687804,-1.287193,-0.950546,0.552716,0.183551,-0.358527,-0.649267,-1.508248,-0.970894,-0.539677,-0.918321,0.239085,-0.303436,-0.198177,1
0.687804,-0.789169,1.280313,0.552716,0.476046,-0.358527,-0.070467,1.374553,1.300011,-0.314812,-0.918321,0.239085,-0.606788,-0.144025,2
0.687804,0.107788,-0.463347,0.552716,1.646025,1.711628,0.1661,1.374553,1.300011,0.809515,-0.918321,0.239085,-0.140093,0.205429,2
0.687804,1.083336,-0.87362,0.552716,-0.108944,-0.358527,2.689479,1.374553,-0.970894,-0.539677,-0.918321,-3.127628,1.259992,-0.198177,1
0.687804,2.891772,1.280313,0.552716,0.768541,2.229167,5.607136,1.374553,1.300011,1.034381,1.086873,0.239085,-0.945142,-0.198177,2
0.687804,-0.027182,-0.745409,0.552716,-1.863913,-1.911143,-0.701312,-1.508248,1.300011,-0.314812,-0.918321,0.239085,-0.513449,-0.194476,1
0.687804,0.065076,0.562335,0.552716,0.768541,0.159012,-0.201367,1.374553,-0.970894,-0.539677,1.086873,-3.127628,1.376666,-0.198177,1
0.687804,0.229091,-0.360778,0.552716,1.646025,1.711628,1.637545,1.374553,-0.970894,-0.539677,1.086873,0.239085,-1.073483,-0.198177,2
0.687804,-0.988208,1.289544,0.552716,0.183551,-0.358527,-0.070467,-1.508248,-0.970894,-0.539677,1.086873,0.239085,-0.280102,-0.198177,1
0.687804,-0.874593,1.177745,0.552716,0.183551,-0.358527,0.244955,1.374553,-0.970894,-0.539677,1.086873,0.239085,-1.073483,-0.198177,2
0.687804,-0.930973,0.108984,0.552716,1.061036,-0.358527,-0.583029,1.374553,1.300011,-0.314812,-0.918321,0.239085,-0.140093,-0.198177,1
-1.449964,-0.603798,1.639302,0.552716,0.183551,0.159012,0.796944,1.374553,1.300011,-0.089946,-0.918321,0.239085,-0.647624,-0.11169,2
0.687804,-0.710578,-0.155642,0.552716,0.183551,0.159012,-0.622456,1.374553,-0.970894,-0.539677,1.086873,0.239085,-0.140093,-0.198177,2
0.687804,-0.36888,-0.847977,0.552716,-0.401439,-0.358527,-0.557795,1.374553,-0.970894,-0.539677,1.086873,0.239085,0.093254,-0.198177,1
0.687804,0.072764,-0.360778,0.552716,-1.571418,-0.358527,-0.649267,-1.508248,-0.970894,-0.539677,1.086873,0.239085,-0.373441,-0.198177,1
-1.449964,0.748472,0.570541,-1.816067,1.061036,1.711628,1.822067,1.374553,1.300011,2.608438,-0.918321,0.239085,-1.073483,0.249841,2
-1.449964,0.442652,0.075136,0.552716,0.768541,-0.358527,0.8758,1.374553,-0.970894,-0.539677,1.086873,0.239085,-1.073483,0.580984,2
0.687804,0.000154,-0.155642,0.552716,1.93852,-0.358527,0.8758,1.374553,1.300011,0.134919,1.086873,0.239085,0.618287,0.24575,2
0.687804,-0.36888,-0.634636,0.552716,1.646025,1.711628,0.902611,1.374553,1.300011,1.484111,-0.918321,0.239085,1.254159,-0.037085,2
-1.449964,-1.088154,0.972608,0.552716,0.476046,-0.358527,-0.188751,1.374553,1.300011,0.809515,1.086873,0.239085,-0.840136,-0.081303,2
-1.449964,-0.36888,-0.916698,0.552716,-0.108944,1.711628,-0.661884,-1.508248,1.300011,-0.314812,1.086873,0.239085,0.51328,-0.177139,1
0.687804,-0.069895,-0.651046,0.552716,-1.571418,-0.358527,-0.51679,-1.508248,-0.970894,-0.539677,1.086873,-3.127628,-1.073483,-0.198177,1
-1.449964,-0.917305,-0.360778,0.552716,-0.401439,-0.358527,-0.688695,1.374553,-0.970894,-0.539677,-0.918321,0.239085,-0.490114,-0.198177,2
0.687804,1.638595,-0.856183,0.552716,-1.863913,-1.911143,-0.701312,-1.508248,-0.970894,-0.539677,-0.918321,0.239085,-0.227598,-0.198177,1
-1.449964,0.820229,0.357199,0.552716,1.061036,-0.358527,-0.543601,1.374553,1.300011,0.134919,1.086873,0.239085,-0.227598,-0.198177,2
-1.449964,-0.774647,0.767472,0.552716,1.061036,-0.358527,-0.149323,1.374553,1.300011,1.708977,-0.918321,0.239085,-0.606788,-0.005334,1
-1.449964,-0.738768,-0.719767,0.552716,1.061036,-0.358527,-0.622456,-1.508248,-0.970894,-0.539677,1.086873,0.239085,-0.373441,-0.040591,1
0.687804,0.357228,-0.480783,0.552716,0.476046,-0.358527,-0.661884,-1.508248,1.300011,-0.089946,-0.918321,0.239085,0.209928,-0.197982,1
-1.449964,0.143667,-0.360778,-1.816067,-0.401439,-0.358527,-0.070467,-1.508248,-0.970894,-0.539677,-0.918321,0.239085,-0.023419,-0.198177,1
0.687804,0.072764,-0.532067,-1.816067,-0.986428,-1.911143,-0.701312,-1.508248,-0.970894,-0.539677,-0.918321,0.239085,-0.373441,-0.198177,1
-1.449964,2.129786,2.305995,0.552716,-0.693933,-1.911143,-0.701312,1.374553,1.300011,2.833304,-0.918321,0.239085,-1.073483,-0.150064,2
0.687804,0.058242,-0.94234,-1.816067,0.183551,1.711628,0.323811,1.374553,1.300011,-0.314812,1.086873,0.239085,1.44667,1.360145,2
-1.449964,0.065076,-0.865414,0.552716,1.646025,-0.358527,-0.688695,1.374553,-0.970894,-0.539677,-0.918321,0.239085,1.49334,1.978994,2
0.687804,-0.01266,2.203427,0.552716,0.183551,-0.358527,-0.543601,1.374553,-0.970894,-0.539677,-0.918321,0.239085,-0.373441,-0.198177,1
-1.449964,-0.575608,-0.053074,0.552716,0.476046,-0.358527,-0.38589,-1.508248,-0.970894,-0.539677,1.086873,0.239085,1.026645,-0.197008,1
-1.449964,-0.084417,1.211592,0.552716,1.061036,1.711628,-0.674501,-1.508248,1.300011,2.158707,1.086873,0.239085,-0.320937,-0.197592,1
0.687804,0.769828,-0.301289,0.552716,-0.108944,-0.358527,0.402666,-1.508248,-0.970894,-0.539677,1.086873,-3.127628,1.259992,-0.198177,1
0.687804,0.207735,-0.053074,0.552716,-0.401439,-0.358527,-0.38589,1.374553,-0.970894,-0.539677,1.086873,0.239085,0.326602,-0.198177,1
0.687804,0.891131,-0.934135,0.552716,-1.278923,1.711628,0.915228,1.374553,-0.970894,-0.539677,-0.918321,0.239085,1.259992,-0.198177,2
-1.449964,-0.731934,1.434165,0.552716,1.93852,1.711628,-0.543601,1.374553,1.300011,-0.089946,1.086873,0.239085,0.676623,-0.090847,2
0.687804,-0.482495,-0.796693,0.552716,-0.986428,-0.358527,-0.583029,-1.508248,1.300011,-0.089946,1.086873,0.239085,-0.058421,-0.197592,1
0.687804,-0.952329,-0.753615,0.552716,1.061036,-0.358527,-0.228178,-1.508248,-0.970894,-0.539677,-0.918321,0.239085,-0.443445,-0.196813,1
-1.449964,2.870416,1.895722,0.552716,-1.863913,-1.911143,-0.701312,1.374553,1.300011,1.933842,1.086873,0.239085,-1.073483,0.07453,2
0.687804,1.453224,0.357199,0.552716,1.061036,1.711628,1.191222,1.374553,-0.970894,-0.539677,1.086873,0.239085,0.968308,-0.198177,2
0.687804,-0.973686,0.921324,0.552716,0.183551,-0.358527,-0.176134,1.374553,1.300011,0.134919,1.086873,0.239085,-0.840136,-0.192723,2
-1.449964,-0.561085,1.553144,0.552716,1.646025,1.711628,0.402666,1.374553,1.300011,0.809515,-0.918321,0.239085,1.259992,-0.108963,2
0.687804,-0.952329,-0.976188,0.552716,0.183551,-0.358527,-0.701312,-1.508248,-0.970894,-0.539677,-0.918321,3.605799,-0.000085,-0.198177,1
0.687804,-0.418426,-0.617199,-1.816067,0.183551,-0.358527,-0.38589,1.374553,1.300011,0.58465,1.086873,0.239085,-0.140093,0.927127,2
0.687804,0.70576,-0.87362,0.552716,-0.108944,-0.358527,-0.622456,1.374553,-0.970894,-0.539677,-0.918321,-3.127628,0.606619,-0.198177,1
0.687804,-0.497017,-0.822335,0.552716,0.183551,0.159012,-0.622456,1.374553,-0.970894,-0.539677,-0.918321,0.239085,0.962474,-0.193697,2
0.687804,-1.522111,-0.155642,-1.816067,0.476046,-0.358527,-0.149323,1.374553,1.300011,-0.089946,1.086873,0.239085,-0.373441,-0.003387,2
0.687804,-1.045442,0.972608,0.552716,1.061036,-0.358527,-0.38589,1.374553,-0.970894,-0.539677,1.086873,0.239085,-0.723462,-0.120261,2
0.687804,0.278637,-0.463347,-1.816067,0.476046,-0.358527,0.244955,-1.508248,-0.970894,-0.539677,-0.918321,-3.127628,0.093254,-0.198177,1
0.687804,-0.204865,-0.25821,0.552716,0.476046,-0.358527,0.402666,1.374553,1.300011,0.134919,1.086873,0.239085,0.8458,-0.198177,1
0.687804,-0.866905,-0.822335,-1.816067,1.35353,1.19409,-0.464745,-1.508248,-0.970894,-0.539677,1.086873,0.239085,-0.303436,-0.197787,1
0.687804,-1.144535,1.126461,0.552716,0.183551,1.711628,-0.359079,-1.508248,-0.970894,-0.539677,-0.918321,0.239085,0.793297,-0.195645,1
0.687804,-0.831881,1.280313,0.552716,1.93852,-0.358527,-0.609839,1.374553,1.300011,0.809515,-0.918321,0.239085,-0.367607,-0.198177,2
0.687804,-0.824193,-0.87362,0.552716,0.183551,-0.358527,-0.661884,-1.508248,-0.970894,-0.539677,-0.918321,0.239085,1.026645,-0.198177,1
0.687804,0.022364,-0.463347,0.552716,-0.401439,-0.358527,1.664356,1.374553,-0.970894,-0.539677,1.086873,0.239085,1.977536,-0.198177,1
-1.449964,-0.760124,-0.81413,0.552716,-1.278923,-0.358527,-0.674501,-1.508248,-0.970894,-0.539677,-0.918321,0.239085,-0.233432,-0.198177,1
0.687804,-0.418426,2.015727,0.552716,-1.278923,0.159012,-0.701312,-1.508248,-0.970894,-0.539677,1.086873,0.239085,-0.035087,-0.198177,1
0.687804,1.06198,-0.565915,0.552716,-0.108944,-0.358527,-0.149323,1.374553,1.300011,-0.089946,1.086873,0.239085,-1.073483,-0.195255,2
0.687804,-0.119441,-0.753615,-1.816067,0.183551,-0.358527,-0.688695,-1.508248,-0.970894,-0.539677,-0.918321,0.239085,-0.081756,-0.163309,1
0.687804,-0.518373,-0.899262,0.552716,-0.108944,-0.358527,-0.622456,1.374553,1.300011,0.134919,-0.918321,0.239085,0.443276,2.744715,2
-1.449964,0.200901,-0.651046,-1.816067,-1.863913,-1.911143,-0.701312,1.374553,-0.970894,-0.539677,-0.918321,0.239085,0.793297,-0.198177,1
0.687804,-0.703744,-0.668483,0.552716,0.183551,1.711628,-0.254989,1.374553,-0.970894,-0.539677,-0.918321,0.239085,1.388334,-0.159219,2
0.687804,3.212114,0.87004,0.552716,-1.863913,-1.911143,0.560378,-1.508248,1.300011,-0.314812,-0.918321,0.239085,-0.665125,-0.197008,1
-1.449964,0.143667,-0.463347,-1.816067,0.183551,-0.358527,0.087244,-1.508248,-0.970894,-0.539677,1.086873,0.239085,-1.073483,-0.197787,1
0.687804,0.997912,-0.360778,0.552716,1.061036,1.711628,1.191222,1.374553,1.300011,1.933842,-0.918321,0.239085,-0.606788,-0.198177,2
0.687804,-0.731934,-0.847977,-1.816067,-0.401439,-0.358527,-0.661884,1.374553,-0.970894,-0.539677,-0.918321,0.239085,-0.023419,-0.197982,1
-1.449964,1.147404,-0.035637,0.552716,-0.986428,1.711628,-0.38589,-1.508248,-0.970894,-0.539677,1.086873,-3.127628,0.326602,-0.198177,1
0.687804,-0.084417,-0.420268,-1.816067,-0.108944,-0.358527,-0.661884,-1.508248,-0.970894,-0.539677,1.086873,-3.127628,-0.606788,-0.198177,1
0.687804,-0.333002,-0.822335,0.552716,1.061036,1.711628,-0.649267,-1.508248,-0.970894,-0.539677,1.086873,0.239085,0.209928,-0.149284,1
-1.449964,1.788088,0.459767,0.552716,-0.401439,1.711628,0.244955,-1.508248,-0.970894,-0.539677,-0.918321,0.239085,-1.073483,-0.198177,1
-1.449964,-0.525207,-0.745409,0.552716,1.061036,-0.358527,-0.294417,1.374553,1.300011,-0.089946,-0.918321,0.239085,0.093254,-0.198177,1
0.687804,0.769828,-0.668483,0.552716,-1.278923,0.159012,-0.701312,-1.508248,-0.970894,-0.539677,-0.918321,-3.127628,0.676623,-0.198177,1
-1.449964,-0.2621,-0.352573,-1.816067,1.93852,1.711628,0.099861,1.374553,1.300011,-0.314812,-0.918321,0.239085,-0.665125,-0.198177,2
-1.449964,0.570789,0.254631,0.552716,-0.986428,-0.358527,-0.38589,1.374553,-0.970894,-0.539677,1.086873,0.239085,-1.073483,-0.198177,2
0.687804,-0.817359,0.631056,-1.816067,-1.278923,0.159012,-0.649267,-1.508248,-0.970894,-0.539677,1.086873,0.239085,-0.000085,-0.198177,1
0.687804,0.670736,-0.625404,-1.816067,-0.108944,-0.358527,-0.649267,-1.508248,-0.970894,-0.539677,-0.918321,-3.127628,1.259992,-0.198177,1
0.687804,0.884297,-0.89003,0.552716,0.183551,1.711628,-0.635073,1.374553,1.300011,0.809515,-0.918321,0.239085,0.209928,-0.013516,2
-1.449964,-0.981374,-0.719767,0.552716,0.183551,-0.358527,-0.701312,-1.508248,-0.970894,-0.539677,-0.918321,0.239085,-1.073483,-0.198177,1
0.687804,-0.283456,0.075136,0.552716,1.93852,-0.358527,0.796944,1.374553,1.300011,-0.089946,-0.918321,0.239085,1.376666,-0.196813,2
0.687804,-0.39707,-0.514631,0.552716,-1.278923,0.159012,-0.543601,-1.508248,-0.970894,-0.539677,1.086873,0.239085,2.660078,0.580984,1
0.687804,-0.276622,0.049494,0.552716,0.476046,-0.358527,2.768334,1.374553,-0.970894,-0.539677,1.086873,0.239085,-0.665125,-0.198177,2
0.687804,-1.301716,-0.138205,0.552716,-1.278923,1.711628,-0.570412,-1.508248,-0.970894,-0.539677,1.086873,0.239085,-0.373441,-0.198177,1
-1.449964,0.805706,-0.557709,-1.816067,1.061036,1.711628,-0.661884,1.374553,1.300011,4.632226,1.086873,0.239085,1.580845,0.042584,2
0.687804,0.307682,4.177865,0.552716,1.93852,1.711628,-0.188751,1.374553,1.300011,-0.314812,1.086873,0.239085,1.930867,-0.100782,2
0.687804,-1.101822,0.049494,0.552716,1.061036,-0.358527,-0.583029,1.374553,1.300011,-0.089946,-0.918321,0.239085,-1.073483,-0.190775,1
0.687804,-0.247577,0.938761,0.552716,1.061036,1.711628,1.085556,1.374553,1.300011,0.809515,-0.918321,0.239085,1.149152,-0.165452,2
0.687804,-0.475661,-0.771051,0.552716,1.061036,-0.358527,-0.149323,1.374553,-0.970894,-0.539677,1.086873,0.239085,0.55995,-0.198177,2
0.687804,-0.447471,1.690586,0.552716,0.768541,-1.393604,-0.701312,-1.508248,-0.970894,-0.539677,1.086873,0.239085,-0.256767,0.01804,1
0.687804,0.000154,-0.899262,0.552716,-1.571418,-0.358527,-0.425317,1.374553,-0.970894,-0.539677,1.086873,-3.127628,4.34018,-0.198177,1
0.687804,0.67757,-0.642841,0.552716,0.183551,-0.358527,-0.228178,-1.508248,-0.970894,-0.539677,-0.918321,0.239085,-1.073483,-0.136623,1
0.687804,0.000154,-0.155642,-1.816067,-1.278923,-0.358527,-0.674501,-1.508248,-0.970894,-0.539677,1.086873,0.239085,1.324163,-0.198177,1
0.687804,-0.411593,-0.053074,-1.816067,0.183551,0.159012,0.087244,-1.508248,-0.970894,-0.539677,-0.918321,0.239085,0.093254,0.037519,1
-1.449964,-0.567919,-0.719767,0.552716,-1.863913,-1.911143,-0.701312,1.374553,-0.970894,-0.539677,-0.918321,0.239085,-0.606788,-0.198177,1
-1.449964,-0.497017,-0.87362,0.552716,0.183551,1.711628,-0.425317,1.374553,-0.970894,-0.539677,1.086873,0.239085,1.790858,-0.198177,2
0.687804,1.453224,-0.934135,-1.816067,-0.986428,-0.358527,-0.622456,1.374553,1.300011,1.933842,-0.918321,0.239085,1.143319,0.33399,2
-1.449964,-0.738768,1.400318,0.552716,1.646025,-0.358527,-0.688695,1.374553,-0.970894,-0.539677,-0.918321,0.239085,-0.606788,0.064595,2
0.687804,0.000154,1.177745,0.552716,1.93852,-0.358527,1.348934,1.374553,-0.970894,-0.539677,-0.918321,0.239085,-1.073483,-0.198177,2
0.687804,-0.930973,-0.891056,0.552716,0.183551,-0.358527,-0.661884,-1.508248,-0.970894,-0.539677,-0.918321,0.239085,-1.073483,-0.189606,1
0.687804,0.805706,-0.967982,0.552716,0.768541,-0.358527,-0.688695,-1.508248,1.300011,-0.314812,-0.918321,-3.127628,2.193383,-0.198177,2
0.687804,-1.045442,1.262876,0.552716,0.183551,0.159012,-0.51679,-1.508248,1.300011,-0.089946,1.086873,0.239085,0.093254,-0.196813,1
0.687804,-0.198031,1.690586,0.552716,-1.571418,1.711628,-0.543601,-1.508248,-0.970894,-0.539677,-0.918321,0.239085,0.256598,-0.198177,1
0.687804,-0.988208,-0.976188,0.552716,-1.571418,-0.358527,-0.543601,-1.508248,-0.970894,-0.539677,-0.918321,0.239085,-0.233432,-0.198177,1
0.687804,0.171857,-0.907467,-1.816067,1.646025,-0.358527,-0.674501,-1.508248,-0.970894,-0.539677,-0.918321,0.239085,-0.023419,-0.198177,1
0.687804,-0.930973,-0.804899,-1.816067,0.183551,-0.358527,-0.070467,-1.508248,-0.970894,-0.539677,1.086873,-3.127628,0.326602,-0.198177,1
-1.449964,1.85899,-0.94234,0.552716,-1.863913,-1.911143,-0.701312,-1.508248,-0.970894,-0.539677,1.086873,-3.127628,-0.711795,-0.192917,1
-1.449964,-0.155319,-0.839772,0.552716,0.476046,-0.358527,-0.622456,-1.508248,-0.970894,-0.539677,1.086873,0.239085,0.676623,-0.198177,1
0.687804,0.171857,-0.924904,0.552716,-1.278923,0.159012,0.560378,-1.508248,-0.970894,-0.539677,1.086873,-3.127628,1.376666,-0.198177,1
0.687804,-0.546563,-0.360778,0.552716,0.183551,-0.358527,-0.307034,-1.508248,1.300011,-0.314812,-0.918321,0.239085,-1.073483,-0.193891,1
0.687804,-1.237647,-0.958751,-1.816067,0.183551,-0.358527,-0.688695,-1.508248,-0.970894,-0.539677,-0.918321,0.239085,-0.256767,-0.057538,1
-1.449964,-1.287193,-0.719767,0.552716,1.061036,-0.358527,-0.622456,-1.508248,1.300011,-0.314812,-0.918321,0.239085,-0.443445,-0.179087,1
0.687804,0.214569,0.357199,0.552716,-0.401439,-0.358527,-0.661884,1.374553,-0.970894,-0.539677,1.086873,0.239085,1.510841,-0.198177,1
-1.449964,-0.774647,-0.891056,0.552716,-1.278923,-0.358527,-0.595645,-1.508248,-0.970894,-0.539677,1.086873,-3.127628,-0.233432,-0.198177,1
0.687804,-0.176675,-0.857209,0.552716,0.476046,-0.358527,-0.609839,-1.508248,1.300011,-0.314812,-0.918321,0.239085,0.909971,0.34782,1
-1.449964,-0.176675,-0.565915,-1.816067,0.768541,1.711628,-0.070467,-1.508248,-0.970894,-0.539677,-0.918321,0.239085,0.419941,-0.194865,1
0.687804,-0.148485,-0.719767,-1.816067,-0.986428,-0.358527,-0.622456,-1.508248,-0.970894,-0.539677,-0.918321,0.239085,0.233263,-0.198177,1
0.687804,1.410512,-0.206926,0.552716,-1.278923,0.159012,-0.38589,-1.508248,-0.970894,-0.539677,-0.918321,0.239085,-0.490114,-0.197787,1
0.687804,-0.796003,0.87004,0.552716,-0.401439,-0.358527,-0.674501,-1.508248,-0.970894,-0.539677,-0.918321,0.239085,-1.073483,-0.198177,1
0.687804,-0.682388,-0.608994,0.552716,0.183551,-0.358527,-0.530984,-1.508248,-0.970894,-0.539677,1.086873,0.239085,-0.280102,-0.197982,1
0.687804,0.962033,-0.719767,0.552716,-0.108944,-0.358527,3.675174,-1.508248,1.300011,-0.314812,1.086873,0.239085,0.979975,-0.17636,1
0.687804,-1.073632,-0.976188,-1.816067,-1.863913,-1.911143,-0.701312,-1.508248,1.300011,0.359785,-0.918321,0.239085,-0.810967,-0.197982,1
0.687804,-1.130867,-0.727973,-1.816067,0.768541,-1.393604,-0.701312,-1.508248,-0.970894,-0.539677,-0.918321,0.239085,-0.490114,-0.198177,1
0.687804,-1.024086,-0.856183,0.552716,-1.863913,-1.911143,-0.701312,-1.508248,1.300011,0.134919,-0.918321,0.239085,0.968308,-0.048383,1
-1.449964,-0.539729,1.588017,0.552716,-1.571418,-0.358527,-0.38589,-1.508248,-0.970894,-0.539677,1.086873,0.239085,-0.023419,0.00869,1
0.687804,-0.767813,-0.668483,-1.816067,-0.401439,-0.358527,-0.530984,-1.508248,-0.970894,-0.539677,1.086873,0.239085,-0.373441,-0.185126,1
-1.449964,3.240304,0.254631,0.552716,-1.863913,-1.911143,-0.701312,-1.508248,-0.970894,-0.539677,-0.918321,-3.127628,-1.073483,-0.198177,1
0.687804,0.385418,-0.455141,0.552716,-1.863913,-1.911143,-0.701312,-1.508248,-0.970894,-0.539677,-0.918321,0.239085,-1.073483,-0.003387,1
-1.449964,1.489102,-0.668483,0.552716,-0.693933,-0.876066,-0.701312,1.374553,-0.970894,-0.539677,1.086873,0.239085,-0.490114,-0.192917,1
0.687804,-0.404759,-0.865414,0.552716,-0.986428,-1.911143,-0.701312,-1.508248,-0.970894,-0.539677,-0.918321,0.239085,-0.490114,-0.198177,1
0.687804,0.243613,-0.702331,0.552716,-1.278923,0.159012,-0.661884,-1.508248,-0.970894,-0.539677,1.086873,0.239085,1.49334,0.678379,1
0.687804,-0.148485,-0.25821,0.552716,0.183551,-0.358527,-0.649267,-1.508248,-0.970894,-0.539677,-0.918321,0.239085,0.186594,-0.198177,1
0.687804,-1.152223,0.408483,-1.816067,-0.108944,-0.358527,-0.688695,-1.508248,-0.970894,-0.539677,-0.918321,0.239085,-0.256767,-0.198177,1
-1.449964,0.855253,-0.762846,0.552716,-0.401439,-0.358527,-0.491556,-1.508248,-0.970894,-0.539677,-0.918321,0.239085,0.326602,-0.152011,1
0.687804,0.000154,-0.847977,0.552716,-0.986428,-0.358527,-0.622456,-1.508248,-0.970894,-0.539677,-0.918321,0.239085,1.143319,0.193352,1
0.687804,-1.400808,0.459767,0.552716,0.768541,-0.358527,-0.38589,-1.508248,-0.970894,-0.539677,-0.918321,0.239085,2.42673,-0.198177,1
-1.449964,-0.169841,-0.617199,-1.816067,-0.986428,-0.358527,-0.307034,-1.508248,-0.970894,-0.539677,1.086873,0.239085,0.55995,-0.198177,1
0.687804,-0.183509,-0.719767,0.552716,0.183551,1.711628,-0.622456,-1.508248,1.300011,-0.089946,1.086873,0.239085,1.259992,-0.177139,1
0.687804,1.332775,0.220783,0.552716,0.476046,-0.358527,1.033511,-1.508248,-0.970894,-0.539677,-0.918321,0.239085,1.639182,-0.168958,1
0.687804,-0.802837,-0.514631,0.552716,-1.278923,-0.358527,-0.661884,-1.508248,-0.970894,-0.539677,-0.918321,0.239085,-0.140093,-0.196229,1
0.687804,0.000154,0.049494,-1.816067,-0.401439,-0.358527,1.979778,1.374553,-0.970894,-0.539677,-0.918321,0.239085,-1.073483,-0.198177,1
0.687804,-0.610632,-0.565915,0.552716,0.768541,-1.393604,-0.649267,-1.508248,1.300011,-0.089946,-0.918321,0.239085,0.793297,0.055051,1
-1.449964,0.42813,-0.916698,0.552716,-1.863913,-1.911143,-0.701312,-1.508248,1.300011,1.708977,-0.918321,0.239085,0.093254,-0.194671,1
0.687804,0.393106,2.74191,0.552716,0.476046,-0.358527,-0.674501,-1.508248,-0.970894,-0.539677,-0.918321,0.239085,0.793297,0.493718,1
-1.449964,-0.682388,-0.856183,-1.816067,-1.863913,-1.911143,-0.661884,-1.508248,-0.970894,-0.539677,-0.918321,0.239085,-0.373441,-0.18123,1
-1.449964,-0.532895,-0.548478,0.552716,0.183551,1.711628,0.1661,1.374553,-0.970894,-0.539677,1.086873,0.239085,1.026645,-0.197982,1
0.687804,-0.319334,-0.155642,-1.816067,-1.278923,1.711628,1.112367,1.374553,1.300011,-0.089946,1.086873,0.239085,-0.635957,-0.198177,1
0.687804,-0.888261,-0.924904,-1.816067,0.183551,1.711628,-0.622456,-1.508248,-0.970894,-0.539677,-0.918321,0.239085,0.55995,-0.15844,1
0.687804,0.214569,-0.463347,0.552716,0.183551,-0.358527,-0.38589,-1.508248,-0.970894,-0.539677,-0.918321,0.239085,1.610014,-0.19506,1
0.687804,1.909391,0.99825,0.552716,0.768541,-0.358527,2.031823,1.374553,1.300011,0.58465,-0.918321,0.239085,-1.073483,-0.198177,2
0.687804,0.492199,0.357199,0.552716,-0.108944,1.711628,0.639233,1.374553,1.300011,2.158707,1.086873,0.239085,-0.53095,-0.198177,2
-1.449964,-0.268934,-0.25821,0.552716,0.476046,-0.358527,-0.437934,1.374553,-0.970894,-0.539677,-0.918321,-3.127628,0.55995,-0.198177,2
-1.449964,0.129144,-0.027432,0.552716,1.061036,1.711628,-0.188751,1.374553,1.300011,-0.089946,-0.918321,0.239085,-1.073483,-0.198177,2
0.687804,0.136833,-0.326931,-1.816067,1.93852,-0.358527,0.297,1.374553,1.300011,0.134919,1.086873,0.239085,1.143319,-0.198177,2
0.687804,-0.945496,1.075176,-1.816067,0.183551,-0.358527,0.087244,1.374553,-0.970894,-0.539677,-0.918321,-3.127628,-0.840136,-0.198177,2
0.687804,0.036886,-0.617199,-1.816067,0.768541,1.711628,-0.688695,1.374553,-0.970894,-0.539677,1.086873,0.239085,1.219157,-0.198177,2
0.687804,0.39994,0.049494,0.552716,0.183551,0.159012,0.087244,1.374553,1.300011,0.809515,-0.918321,0.239085,-1.073483,-0.126689,2
-1.449964,-0.860071,0.254631,0.552716,-0.401439,-0.358527,0.087244,1.374553,1.300011,0.134919,-0.918321,0.239085,-0.606788,-0.019359,2
-1.449964,-0.945496,1.451602,0.552716,0.183551,1.711628,1.191222,1.374553,-0.970894,-0.539677,-0.918321,0.239085,0.909971,-0.198177,2
0.687804,-0.760124,-0.455141,-1.816067,0.183551,1.711628,0.114055,1.374553,-0.970894,-0.539677,-0.918321,0.239085,-1.073483,-0.198177,2
-1.449964,1.354132,0.664904,0.552716,0.768541,0.159012,1.348934,1.374553,1.300011,0.809515,-0.918321,0.239085,1.11415,9.755606,2
-1.449964,1.218307,1.177745,0.552716,1.061036,-0.358527,0.8758,1.374553,1.300011,1.034381,1.086873,0.239085,-1.073483,-0.198177,2
0.687804,2.087074,1.588017,0.552716,-0.986428,1.711628,1.822067,1.374553,-0.970894,-0.539677,1.086873,0.239085,-0.933475,0.196858,2
0.687804,-0.7251,1.382881,0.552716,-1.278923,-0.358527,0.402666,1.374553,1.300011,1.484111,-0.918321,0.239085,-0.746797,-0.053642,2
0.687804,0.833896,-0.976188,0.552716,0.183551,0.159012,4.030024,1.374553,-0.970894,-0.539677,-0.918321,0.239085,-1.073483,-0.198177,2
-1.449964,0.378584,-0.771051,0.552716,0.183551,-0.358527,-0.070467,1.374553,1.300011,1.933842,-0.918321,0.239085,-1.073483,-0.109352,2
0.687804,-0.902783,0.006416,-1.816067,0.476046,-0.358527,0.008388,1.374553,1.300011,-0.314812,1.086873,0.239085,-0.606788,-0.13974,2
0.687804,2.13662,2.818836,0.552716,-1.571418,0.159012,4.030024,1.374553,1.300011,3.283034,1.086873,0.239085,-1.073483,-0.198177,2
0.687804,2.400582,-0.660278,0.552716,1.061036,-0.358527,-0.661884,1.374553,-0.970894,-0.539677,1.086873,0.239085,0.443276,-0.198177,2
-1.449964,-0.076729,1.485449,0.552716,0.183551,-0.358527,-0.070467,1.374553,1.300011,-0.314812,-0.918321,0.239085,0.209928,-0.194476,2
0.687804,-1.016398,-0.899262,0.552716,1.061036,-0.358527,-0.070467,1.374553,1.300011,-0.089946,1.086873,0.239085,-0.606788,-0.198177,2
0.687804,-0.710578,-0.668483,0.552716,1.061036,-0.358527,0.047816,1.374553,1.300011,0.134919,1.086873,0.239085,-1.073483,-0.084809,2
0.687804,0.684404,1.878286,0.552716,0.476046,-0.358527,2.019206,1.374553,1.300011,0.809515,1.086873,0.239085,-0.665125,-0.198177,2
-1.449964,-0.781481,1.331597,-1.816067,1.93852,1.711628,-0.464745,1.374553,1.300011,0.359785,-0.918321,0.239085,-1.073483,-0.135649,2
0.687804,0.769828,0.049494,0.552716,0.183551,-0.358527,0.8758,1.374553,1.300011,1.034381,-0.918321,0.239085,-1.073483,0.398855,2
0.687804,-0.546563,0.254631,0.552716,0.183551,-0.358527,-0.38589,1.374553,1.300011,0.134919,-0.918321,0.239085,-1.073483,-0.198177,2
0.687804,1.944415,0.408483,0.552716,0.183551,1.711628,0.126672,1.374553,1.300011,1.933842,1.086873,0.239085,-1.073483,-0.142856,2
0.687804,-0.952329,0.459767,0.552716,0.183551,-0.358527,-0.188751,1.374553,1.300011,0.134919,-0.918321,0.239085,0.093254,0.072776,2
0.687804,0.741638,3.434245,0.552716,0.768541,2.229167,5.607136,1.374553,1.300011,1.933842,-0.918321,0.239085,-1.073483,0.035572,2
0.687804,-0.326168,-0.856183,-1.816067,1.646025,-0.358527,-0.622456,1.374553,1.300011,-0.089946,-0.918321,0.239085,0.443276,-0.100782,2
-1.449964,-1.080466,0.87004,0.552716,-0.401439,-0.358527,-0.464745,1.374553,1.300011,-0.089946,-0.918321,0.239085,-0.560119,-0.083056,2
0.687804,0.962033,-0.027432,0.552716,1.061036,-0.358527,0.743323,1.374553,-0.970894,-0.539677,-0.918321,-3.127628,-1.073483,-0.198177,2
0.687804,0.513555,-0.976188,0.552716,0.183551,-0.358527,-0.701312,-1.508248,-0.970894,-0.539677,-0.918321,3.605799,-0.000085,-0.198177,2
0.687804,-0.973686,0.699777,0.552716,-0.401439,-0.358527,-0.083084,1.374553,1.300011,2.608438,-0.918321,0.239085,-0.723462,-0.1674,2
0.687804,-0.319334,-0.660278,0.552716,0.476046,-0.358527,0.481522,1.374553,1.300011,0.58465,1.086873,0.239085,-0.490114,-0.197592,2
-1.449964,-0.29029,-0.899262,0.552716,1.061036,-0.358527,-0.51679,1.374553,1.300011,0.359785,-0.918321,0.239085,-0.606788,-0.198177,2
0.687804,0.136833,-0.771051,0.552716,1.93852,-0.358527,-0.464745,1.374553,1.300011,1.034381,1.086873,0.239085,0.909971,0.594814,2
